symbol,isin,trade_date,exchange,segment,series,trade_type,auction,quantity,price,trade_id,order_id,order_execution_time
BANDHANBNK,INE545U01014,2024-01-08,NSE,EQ,EQ,buy,false,22.000000,233.899994,6263461,1000000034579193,2024-01-08T15:06:45
BANDHANBNK,INE545U01014,2024-01-08,NSE,EQ,EQ,buy,false,18.000000,233.899994,6263460,1000000034579193,2024-01-08T15:06:45
SBICARD,INE018E01016,2024-01-08,NSE,EQ,EQ,buy,false,13.000000,767.849976,69336795,1300000037071344,2024-01-08T15:13:21
PAGEIND,INE761H01022,2024-01-09,NSE,EQ,EQ,buy,false,1.000000,36800.000000,46080434,1200000033184707,2024-01-09T14:03:01
IBULHSGFIN,INE148I01020,2024-01-09,NSE,EQ,EQ,sell,false,50.000000,216.000000,27101808,1100000029409548,2024-01-09T14:08:08
POLYCAB,INE455K01017,2024-01-11,NSE,EQ,EQ,buy,false,3.000000,3947.399902,44753731,1200000024411837,2024-01-11T11:54:20
ASIANPAINT,INE021A01026,2024-01-15,NSE,EQ,EQ,buy,false,5.000000,3264.050049,3221992,1000000018185988,2024-01-15T11:35:40
ASIANPAINT,INE021A01026,2024-01-15,NSE,EQ,EQ,buy,false,2.000000,3264.050049,3221993,1000000018185988,2024-01-15T11:35:40
ASTRAL,INE006I01046,2024-01-15,NSE,EQ,EQ,buy,false,6.000000,1800.849976,3258325,1000000018436859,2024-01-15T11:38:27
AMRUTANJAN,INE098F01031,2024-01-15,NSE,EQ,EQ,buy,false,5.000000,595.849976,3284714,1000000018611751,2024-01-15T11:40:26
AMRUTANJAN,INE098F01031,2024-01-15,NSE,EQ,EQ,buy,false,2.000000,595.849976,3284715,1000000018611751,2024-01-15T11:40:26
AMRUTANJAN,INE098F01031,2024-01-15,NSE,EQ,EQ,buy,false,8.000000,595.900024,3284716,1000000018611751,2024-01-15T11:40:26
VINATIORGA,INE410B01037,2024-01-15,NSE,EQ,EQ,buy,false,9.000000,1722.500000,65150195,1300000022413064,2024-01-15T11:42:44
GMMPFAUDLR,INE541A01023,2024-01-15,NSE,EQ,EQ,buy,false,5.000000,1548.349976,25765528,1100000023334041,2024-01-15T11:44:09
DELTACORP,INE124G01033,2024-01-15,NSE,EQ,EQ,buy,false,70.000000,149.449997,25812976,1100000023533207,2024-01-15T11:46:12
SBICARD,INE018E01016,2024-01-15,NSE,EQ,EQ,buy,false,10.000000,767.950012,65299145,1300000023061625,2024-01-15T11:49:48
VEDL,INE205A01025,2024-01-15,NSE,EQ,EQ,sell,false,130.000000,273.000000,65410393,1300000023504876,2024-01-15T11:54:22
EQUITASBNK,INE063P01018,2024-01-15,NSE,EQ,EQ,sell,false,323.000000,113.099998,30866932,1100000043903028,2024-01-15T15:19:45
JIOFIN,INE758E01017,2024-01-16,NSE,EQ,EQ,buy,false,80.000000,249.399994,48775967,1200000042654044,2024-01-16T14:38:10
HDFCBANK,INE040A01034,2024-01-17,NSE,EQ,EQ,buy,false,13.000000,1559.250000,26793939,1100000028377030,2024-01-17T11:50:33
HDFCBANK,INE040A01034,2024-01-17,NSE,EQ,EQ,buy,false,10.000000,1538.750000,32399259,1100000053164341,2024-01-17T15:12:05
IDFCFIRSTB,INE092T01019,2024-01-23,NSE,EQ,EQ,buy,false,120.000000,83.099998,26779643,1100000026926393,2024-01-23T11:15:29
PIDILITIND,INE318A01026,2024-01-23,NSE,EQ,EQ,buy,false,4.000000,2500.000000,49118506,1200000046940043,2024-01-23T14:03:19
HDFCBANK,INE040A01034,2024-01-23,NSE,EQ,EQ,buy,false,8.000000,1428.400024,36387612,1100000066919329,2024-01-23T15:22:32
AAVAS,INE216P01012,2024-01-24,NSE,EQ,EQ,buy,false,6.000000,1485.000000,3648621,1000000020760403,2024-01-24T11:28:12
HDFCBANK,INE040A01034,2024-01-25,NSE,EQ,EQ,buy,false,9.000000,1426.800049,26833960,1100000035629652,2024-01-25T12:48:19
AUBANK,INE949L01017,2024-01-29,NSE,EQ,EQ,buy,false,15.000000,637.099976,1489435,1000000007334533,2024-01-29T09:48:52
SBICARD,INE018E01016,2024-01-29,NSE,EQ,EQ,buy,false,15.000000,715.950012,62363446,1300000008524239,2024-01-29T09:48:52
HDFCAMC,INE127D01025,2024-01-29,NSE,EQ,EQ,sell,false,3.000000,3511.250000,22765701,1100000011151710,2024-01-29T10:06:07
ASIANPAINT,INE021A01026,2024-01-30,NSE,EQ,EQ,buy,false,5.000000,2962.600098,7077123,1000000042184499,2024-01-30T14:38:41
AAVAS,INE216P01012,2024-01-30,NSE,EQ,EQ,buy,false,1.000000,1492.800049,7108905,1000000042359625,2024-01-30T14:39:57
AAVAS,INE216P01012,2024-01-30,NSE,EQ,EQ,buy,false,3.000000,1492.849976,7108906,1000000042359625,2024-01-30T14:39:57
BANDHANBNK,INE545U01014,2024-01-30,NSE,EQ,EQ,buy,false,45.000000,223.550003,7108852,1000000042359409,2024-01-30T14:39:57
AAVAS,INE216P01012,2024-01-30,NSE,EQ,EQ,buy,false,1.000000,1492.800049,7108904,1000000042359625,2024-01-30T14:39:57
AAVAS,INE216P01012,2024-01-30,NSE,EQ,EQ,buy,false,2.000000,1492.949951,7108907,1000000042359625,2024-01-30T14:39:57
GMMPFAUDLR,INE541A01023,2024-02-02,NSE,EQ,EQ,buy,false,7.000000,1488.000000,22320947,1100000008911515,2024-02-02T09:54:07
BAJFINANCE,INE296A01024,2024-02-05,NSE,EQ,EQ,buy,false,3.000000,6616.149902,8085877,1000000042013630,2024-02-05T14:53:25
HDFCLIFE,INE795G01014,2024-02-05,NSE,EQ,EQ,buy,false,15.000000,563.900024,32633821,1100000050675485,2024-02-05T14:53:25
HINDUNILVR,INE030A01027,2024-02-05,NSE,EQ,EQ,buy,false,3.000000,2420.050049,33775452,1100000054315583,2024-02-05T15:16:28
NESTLEIND,INE239A01024,2024-02-08,NSE,EQ,EQ,buy,false,4.000000,2431.149902,47465155,1200000033378443,2024-02-08T12:30:00
NESTLEIND,INE239A01024,2024-02-08,NSE,EQ,EQ,buy,false,1.000000,2425.300049,52114662,1200000053878098,2024-02-08T15:18:55
NESTLEIND,INE239A01024,2024-02-08,NSE,EQ,EQ,buy,false,1.000000,2425.300049,52114660,1200000053878098,2024-02-08T15:18:55
NESTLEIND,INE239A01024,2024-02-08,NSE,EQ,EQ,buy,false,1.000000,2425.300049,52114661,1200000053878098,2024-02-08T15:18:55
NESTLEIND,INE239A01024,2024-02-08,NSE,EQ,EQ,buy,false,1.000000,2425.300049,52114658,1200000053878098,2024-02-08T15:18:55
NESTLEIND,INE239A01024,2024-02-08,NSE,EQ,EQ,buy,false,1.000000,2425.300049,52114657,1200000053878098,2024-02-08T15:18:55
NESTLEIND,INE239A01024,2024-02-08,NSE,EQ,EQ,buy,false,1.000000,2425.300049,52114659,1200000053878098,2024-02-08T15:18:55
PVRINOX,INE191H01014,2024-02-12,NSE,EQ,EQ,buy,false,7.000000,1399.949951,42065873,1200000007586951,2024-02-12T09:41:29
CLEAN,INE227W01023,2024-02-12,NSE,EQ,EQ,buy,false,6.000000,1412.800049,1309634,1000000006161195,2024-02-12T09:41:29
CUB,INE491A01021,2024-02-12,NSE,EQ,EQ,buy,false,75.000000,133.100006,1309587,1000000006160868,2024-02-12T09:41:29
CLEAN,INE227W01023,2024-02-12,NSE,EQ,EQ,buy,false,1.000000,1411.900024,1309633,1000000006161195,2024-02-12T09:41:29
SJVN,INE002L01015,2024-02-12,NSE,EQ,EQ,buy,false,4.000000,112.449997,70845059,1300000046042574,2024-02-12T14:48:59
RELIANCE,INE002A01018,2024-02-12,NSE,EQ,EQ,buy,false,1.000000,2914.800049,70845066,1300000046042593,2024-02-12T14:48:59
OIL,INE274J01014,2024-02-12,NSE,EQ,EQ,buy,false,2.000000,476.350006,51461492,1200000052336484,2024-02-12T14:48:59
GAIL,INE129A01019,2024-02-12,NSE,EQ,EQ,buy,false,7.000000,170.949997,30170117,1100000048845461,2024-02-12T14:48:59
COALINDIA,INE522F01014,2024-02-12,NSE,EQ,EQ,buy,false,1.000000,434.850006,7561193,1000000043808504,2024-02-12T14:48:59
TORNTPOWER,INE813H01021,2024-02-12,NSE,EQ,EQ,buy,false,1.000000,1135.900024,70845107,1300000046042624,2024-02-12T14:48:59
NHPC,INE848E01016,2024-02-12,NSE,EQ,EQ,buy,false,11.000000,81.949997,51461649,1200000052336934,2024-02-12T14:48:59
ONGC,INE213A01029,2024-02-12,NSE,EQ,EQ,buy,false,6.000000,259.549988,51461499,1200000052336509,2024-02-12T14:48:59
COALINDIA,INE522F01014,2024-02-12,NSE,EQ,EQ,buy,false,1.000000,434.899994,7561194,1000000043808504,2024-02-12T14:48:59
TATAPOWER,INE245A01021,2024-02-12,NSE,EQ,EQ,buy,false,3.000000,366.299988,70845067,1300000046042594,2024-02-12T14:48:59
BPCL,INE029A01011,2024-02-12,NSE,EQ,EQ,buy,false,2.000000,593.099976,7561181,1000000043808403,2024-02-12T14:48:59
GSPL,INE246F01010,2024-02-12,NSE,EQ,EQ,buy,false,4.000000,360.600006,30170120,1100000048845489,2024-02-12T14:48:59
POWERGRID,INE752E01010,2024-02-12,NSE,EQ,EQ,buy,false,8.000000,271.100006,51461498,1200000052336508,2024-02-12T14:48:59
BPCL,INE029A01011,2024-02-12,NSE,EQ,EQ,buy,false,1.000000,593.250000,7561182,1000000043808403,2024-02-12T14:48:59
NTPC,INE733E01010,2024-02-12,NSE,EQ,EQ,buy,false,7.000000,317.250000,51461652,1200000052336947,2024-02-12T14:48:59
LUXIND,INE150G01020,2024-02-13,NSE,EQ,EQ,buy,false,3.000000,1191.550049,43122950,1200000011544849,2024-02-13T09:53:35
LUXIND,INE150G01020,2024-02-13,NSE,EQ,EQ,buy,false,3.000000,1191.550049,43122949,1200000011544849,2024-02-13T09:53:35
LUXIND,INE150G01020,2024-02-13,NSE,EQ,EQ,buy,false,2.000000,1191.599976,43122951,1200000011544849,2024-02-13T09:53:35
SWSOLAR,INE00M201021,2024-02-13,NSE,EQ,EQ,buy,false,1.000000,554.900024,69769666,1300000044626299,2024-02-13T14:40:00
HMAAGRO,INE0ECP01024,2024-02-13,NSE,EQ,EQ,buy,false,5.000000,74.449997,30106671,1100000048916243,2024-02-13T14:40:00
SUZLON,INE040H01021,2024-02-13,NSE,EQ,EQ,buy,false,10.000000,42.950001,69769668,1300000044626318,2024-02-13T14:40:00
HINDUNILVR,INE030A01027,2024-02-15,NSE,EQ,EQ,buy,false,3.000000,2375.949951,21947071,1100000008703816,2024-02-15T09:46:02
HINDUNILVR,INE030A01027,2024-02-15,NSE,EQ,EQ,buy,false,5.000000,2376.000000,21947072,1100000008703816,2024-02-15T09:46:02
HDFCBANK,INE040A01034,2024-02-19,NSE,EQ,EQ,buy,false,10.000000,1421.900024,27751944,1100000040018180,2024-02-19T14:36:20
JUBLFOOD,INE797F01020,2024-02-19,NSE,EQ,EQ,buy,false,11.000000,496.649994,47528604,1200000042365633,2024-02-19T14:38:20
IDFCFIRSTB,INE092T01019,2024-02-19,NSE,EQ,EQ,buy,false,20.000000,82.250000,27797428,1100000040235753,2024-02-19T14:38:20
KOTAKBANK,INE237A01028,2024-02-19,NSE,EQ,EQ,buy,false,5.000000,1729.250000,47528609,1200000042365677,2024-02-19T14:38:20
JUBLFOOD,INE797F01020,2024-02-19,NSE,EQ,EQ,buy,false,9.000000,496.649994,47528605,1200000042365633,2024-02-19T14:38:20
BECTORFOOD,INE495P01012,2024-02-20,NSE,EQ,EQ,buy,false,1.000000,1027.099976,1124117,1000000005977284,2024-02-20T09:44:32
BECTORFOOD,INE495P01012,2024-02-20,NSE,EQ,EQ,buy,false,8.000000,1026.750000,1124116,1000000005977284,2024-02-20T09:44:32
BECTORFOOD,INE495P01012,2024-02-20,NSE,EQ,EQ,buy,false,1.000000,1027.099976,1124118,1000000005977284,2024-02-20T09:44:32
INDIGOPNTS,INE09VQ01012,2024-02-20,NSE,EQ,EQ,buy,false,8.000000,1496.099976,25603150,1100000028170787,2024-02-20T12:31:20
SFL,INE916U01025,2024-02-21,NSE,EQ,EQ,buy,false,3.000000,1073.050049,67234984,1300000034186706,2024-02-21T14:02:26
SFL,INE916U01025,2024-02-21,NSE,EQ,EQ,buy,false,1.000000,1072.949951,67234980,1300000034186706,2024-02-21T14:02:26
SFL,INE916U01025,2024-02-21,NSE,EQ,EQ,buy,false,1.000000,1072.949951,67234979,1300000034186706,2024-02-21T14:02:26
FINEORG,INE686Y01026,2024-02-21,NSE,EQ,EQ,buy,false,2.000000,4350.000000,27029933,1100000035493105,2024-02-21T14:02:26
SFL,INE916U01025,2024-02-21,NSE,EQ,EQ,buy,false,1.000000,1072.949951,67234981,1300000034186706,2024-02-21T14:02:26
SFL,INE916U01025,2024-02-21,NSE,EQ,EQ,buy,false,2.000000,1073.000000,67234982,1300000034186706,2024-02-21T14:02:26
FINEORG,INE686Y01026,2024-02-21,NSE,EQ,EQ,buy,false,1.000000,4349.950195,27029932,1100000035493105,2024-02-21T14:02:26
SFL,INE916U01025,2024-02-21,NSE,EQ,EQ,buy,false,1.000000,1073.050049,67234985,1300000034186706,2024-02-21T14:02:26
SFL,INE916U01025,2024-02-21,NSE,EQ,EQ,buy,false,1.000000,1073.000000,67234983,1300000034186706,2024-02-21T14:02:26
ASIANPAINT,INE021A01026,2024-02-26,NSE,EQ,EQ,buy,false,6.000000,2872.750000,2460996,1000000013874256,2024-02-26T10:32:36
GMMPFAUDLR,INE541A01023,2024-02-28,NSE,EQ,EQ,buy,false,3.000000,1333.750000,29303445,1100000048133245,2024-02-28T15:27:07
GMMPFAUDLR,INE541A01023,2024-02-28,NSE,EQ,EQ,buy,false,7.000000,1333.800049,29303446,1100000048133245,2024-02-28T15:27:07
VOLTAMP,INE540H01012,2024-03-07,NSE,EQ,EQ,sell,false,1.000000,8390.000000,60248464,1300000001043657,2024-03-07T09:17:26
NCC,INE868B01028,2024-03-07,NSE,EQ,EQ,sell,false,2.000000,254.100006,40259606,1200000001188380,2024-03-07T09:17:26
NCC,INE868B01028,2024-03-07,NSE,EQ,EQ,sell,false,10.000000,254.100006,40259607,1200000001188380,2024-03-07T09:17:26
CASTROLIND,INE172A01027,2024-03-07,NSE,EQ,EQ,sell,false,7.000000,210.850006,178378,1000000000858066,2024-03-07T09:17:26
SUNTV,INE424H01027,2024-03-07,NSE,EQ,EQ,buy,false,2.000000,620.900024,60250774,1300000001054755,2024-03-07T09:17:28
TATACHEM,INE092A01019,2024-03-07,NSE,EQ,EQ,buy,false,1.000000,1184.800049,60250785,1300000001054825,2024-03-07T09:17:28
TATACHEM,INE092A01019,2024-03-07,NSE,EQ,EQ,buy,false,5.000000,1184.699951,60250784,1300000001054825,2024-03-07T09:17:28
GHCL,INE539A01019,2024-03-07,NSE,EQ,EQ,buy,false,2.000000,494.750000,20245729,1100000001050221,2024-03-07T09:17:28
GHCL,INE539A01019,2024-03-07,NSE,EQ,EQ,buy,false,1.000000,494.700012,20245728,1100000001050221,2024-03-07T09:17:28
HEG,INE545A01016,2024-03-07,NSE,EQ,EQ,buy,false,1.000000,1655.750000,20245723,1100000001050182,2024-03-07T09:17:28
SUZLON,INE040H01021,2024-03-11,NSE,EQ,BE,buy,false,110.000000,39.450001,70314261,1300000045469784,2024-03-11T15:24:30
CUB,INE491A01021,2024-03-11,NSE,EQ,EQ,buy,false,66.000000,132.949997,7115402,1000000041279599,2024-03-11T15:24:30
CLEAN,INE227W01023,2024-03-11,NSE,EQ,EQ,buy,false,1.000000,1342.349976,7115407,1000000041279608,2024-03-11T15:24:30
CLEAN,INE227W01023,2024-03-11,NSE,EQ,EQ,buy,false,1.000000,1342.849976,7115408,1000000041279608,2024-03-11T15:24:30
CLEAN,INE227W01023,2024-03-11,NSE,EQ,EQ,buy,false,5.000000,1342.900024,7115409,1000000041279608,2024-03-11T15:24:30
HMAAGRO,INE0ECP01024,2024-03-11,NSE,EQ,EQ,buy,false,90.000000,56.500000,29403854,1100000047884264,2024-03-11T15:24:30
CUB,INE491A01021,2024-03-11,NSE,EQ,EQ,buy,false,9.000000,132.899994,7115401,1000000041279599,2024-03-11T15:24:30
AMRUTANJAN,INE098F01031,2024-03-11,NSE,EQ,EQ,buy,false,4.000000,638.299988,7140466,1000000041345592,2024-03-11T15:25:20
AMRUTANJAN,INE098F01031,2024-03-11,NSE,EQ,EQ,buy,false,5.000000,639.799988,7140467,1000000041345592,2024-03-11T15:25:20
AMRUTANJAN,INE098F01031,2024-03-11,NSE,EQ,EQ,buy,false,1.000000,636.599976,7140465,1000000041345592,2024-03-11T15:25:20
BECTORFOOD,INE495P01012,2024-03-11,NSE,EQ,EQ,buy,false,10.000000,1023.650024,7197389,1000000041468399,2024-03-11T15:27:06
HMAAGRO,INE0ECP01024,2024-03-12,NSE,EQ,EQ,buy,false,105.000000,52.000000,25094747,1100000027085725,2024-03-12T11:35:01
INDIGOPNTS,INE09VQ01012,2024-03-12,NSE,EQ,EQ,buy,false,8.000000,1339.349976,25707750,1100000030613235,2024-03-12T12:01:21
INDIGOPNTS,INE09VQ01012,2024-03-12,NSE,EQ,EQ,buy,false,2.000000,1339.349976,25707751,1100000030613235,2024-03-12T12:01:21
LUXIND,INE150G01020,2024-03-12,NSE,EQ,EQ,buy,false,1.000000,1172.000000,45799169,1200000030651874,2024-03-12T12:12:37
LUXIND,INE150G01020,2024-03-12,NSE,EQ,EQ,buy,false,4.000000,1172.000000,45799170,1200000030651874,2024-03-12T12:12:37
LUXIND,INE150G01020,2024-03-12,NSE,EQ,EQ,buy,false,6.000000,1172.000000,45799168,1200000030651874,2024-03-12T12:12:37
GEOJITFSL,INE007B01023,2024-03-12,NSE,EQ,EQ,buy,false,55.000000,67.150002,26265539,1100000034011007,2024-03-12T12:25:46
GEOJITFSL,INE007B01023,2024-03-12,NSE,EQ,EQ,buy,false,108.000000,67.150002,26265538,1100000034011007,2024-03-12T12:25:46
GEOJITFSL,INE007B01023,2024-03-12,NSE,EQ,EQ,buy,false,62.000000,67.150002,26265540,1100000034011007,2024-03-12T12:25:46
CAMPUS,INE278Y01022,2024-03-12,NSE,EQ,EQ,buy,false,20.000000,236.300003,6989746,1000000046708223,2024-03-12T15:22:02
HCLTECH,INE860A01027,2024-03-13,NSE,EQ,EQ,sell,false,19.000000,1642.300049,21080260,1100000005236528,2024-03-13T09:30:48
SFL,INE916U01025,2024-03-14,NSE,EQ,EQ,buy,false,1.000000,959.950012,62176529,1300000008306295,2024-03-14T09:42:46
SFL,INE916U01025,2024-03-14,NSE,EQ,EQ,buy,false,1.000000,959.950012,62176527,1300000008306295,2024-03-14T09:42:46
BECTORFOOD,INE495P01012,2024-03-14,NSE,EQ,EQ,buy,false,10.000000,1004.849976,1673870,1000000007899640,2024-03-14T09:42:46
SFL,INE916U01025,2024-03-14,NSE,EQ,EQ,buy,false,3.000000,959.650024,62176524,1300000008306295,2024-03-14T09:42:46
SFL,INE916U01025,2024-03-14,NSE,EQ,EQ,buy,false,1.000000,959.900024,62176525,1300000008306295,2024-03-14T09:42:46
CLEAN,INE227W01023,2024-03-14,NSE,EQ,EQ,buy,false,3.000000,1312.349976,1673866,1000000007899603,2024-03-14T09:42:46
CLEAN,INE227W01023,2024-03-14,NSE,EQ,EQ,buy,false,1.000000,1312.650024,1673867,1000000007899603,2024-03-14T09:42:46
CLEAN,INE227W01023,2024-03-14,NSE,EQ,EQ,buy,false,3.000000,1312.699951,1673868,1000000007899603,2024-03-14T09:42:46
CLEAN,INE227W01023,2024-03-14,NSE,EQ,EQ,buy,false,1.000000,1312.699951,1673869,1000000007899603,2024-03-14T09:42:46
BANDHANBNK,INE545U01014,2024-03-14,NSE,EQ,EQ,buy,false,60.000000,177.600006,1673865,1000000007899601,2024-03-14T09:42:46
SFL,INE916U01025,2024-03-14,NSE,EQ,EQ,buy,false,1.000000,959.950012,62176530,1300000008306295,2024-03-14T09:42:46
SFL,INE916U01025,2024-03-14,NSE,EQ,EQ,buy,false,1.000000,959.900024,62176526,1300000008306295,2024-03-14T09:42:46
AAVAS,INE216P01012,2024-03-14,NSE,EQ,EQ,buy,false,8.000000,1360.000000,1673875,1000000007899662,2024-03-14T09:42:46
SFL,INE916U01025,2024-03-14,NSE,EQ,EQ,buy,false,1.000000,959.950012,62176531,1300000008306295,2024-03-14T09:42:46
SFL,INE916U01025,2024-03-14,NSE,EQ,EQ,buy,false,1.000000,959.950012,62176528,1300000008306295,2024-03-14T09:42:46
CUB,INE491A01021,2024-03-14,NSE,EQ,EQ,buy,false,80.000000,129.399994,1673880,1000000007899679,2024-03-14T09:42:46
BAJFINANCE,INE296A01024,2024-03-14,NSE,EQ,EQ,buy,false,2.000000,6372.000000,1715023,1000000008149477,2024-03-14T09:44:00
OFSS,INE881D01027,2024-03-15,NSE,EQ,EQ,sell,false,21.000000,8185.000000,44313041,1200000025000497,2024-03-15T11:33:58
LTIM,INE214T01019,2024-03-15,NSE,EQ,EQ,buy,false,8.000000,5206.750000,44313600,1200000025004743,2024-03-15T11:34:00
TCS,INE467B01029,2024-03-15,NSE,EQ,EQ,buy,false,6.000000,4205.000000,64240690,1300000021494774,2024-03-15T11:34:00
COFORGE,INE591G01017,2024-03-15,NSE,EQ,EQ,buy,false,4.000000,6028.899902,3765954,1000000023735161,2024-03-15T11:34:00
INFY,INE009A01021,2024-03-15,NSE,EQ,EQ,buy,false,10.000000,1625.150024,24481931,1100000023932783,2024-03-15T11:34:00
MPHASIS,INE356A01018,2024-03-15,NSE,EQ,EQ,buy,false,13.000000,2482.600098,44313598,1200000025004739,2024-03-15T11:34:00
LTIM,INE214T01019,2024-03-15,NSE,EQ,EQ,buy,false,3.000000,5206.750000,44313599,1200000025004743,2024-03-15T11:34:00
BPCL,INE029A01011,2024-03-15,NSE,EQ,EQ,sell,false,2.000000,569.799988,3798300,1000000023979537,2024-03-15T11:36:04
NHPC,INE848E01016,2024-03-15,NSE,EQ,EQ,sell,false,16.000000,81.849998,44352465,1200000025269773,2024-03-15T11:36:04
OIL,INE274J01014,2024-03-15,NSE,EQ,EQ,sell,false,2.000000,567.450012,44352466,1200000025269813,2024-03-15T11:36:04
TATAPOWER,INE245A01021,2024-03-15,NSE,EQ,EQ,buy,false,2.000000,374.799988,64286497,1300000021719741,2024-03-15T11:36:06
TORNTPOWER,INE813H01021,2024-03-15,NSE,EQ,EQ,buy,false,1.000000,1117.300049,64286496,1300000021719736,2024-03-15T11:36:06
LT,INE018A01030,2024-03-15,NSE,EQ,EQ,sell,false,1.000000,3554.850098,44398707,1200000025578607,2024-03-15T11:38:30
GPPL,INE517F01014,2024-03-15,NSE,EQ,EQ,sell,false,11.000000,180.199997,24553745,1100000024415712,2024-03-15T11:38:30
NCC,INE868B01028,2024-03-15,NSE,EQ,EQ,sell,false,10.000000,228.399994,44398708,1200000025578608,2024-03-15T11:38:30
KNRCON,INE634I01029,2024-03-15,NSE,EQ,EQ,sell,false,18.000000,238.600006,44398706,1200000025578601,2024-03-15T11:38:30
PNCINFRA,INE195J01029,2024-03-15,NSE,EQ,EQ,sell,false,3.000000,406.200012,44398710,1200000025578634,2024-03-15T11:38:30
HGINFRA,INE926X01010,2024-03-15,NSE,EQ,EQ,buy,false,2.000000,909.599976,24554196,1100000024418510,2024-03-15T11:38:32
JWL,INE209L01016,2024-03-15,NSE,EQ,EQ,buy,false,10.000000,329.950012,3836396,1000000024253327,2024-03-15T11:38:32
NTPC,INE733E01010,2024-03-15,NSE,EQ,EQ,buy,false,8.000000,308.100006,44399268,1200000025582965,2024-03-15T11:38:32
NTPC,INE733E01010,2024-03-15,NSE,EQ,EQ,buy,false,11.000000,308.049988,44399267,1200000025582965,2024-03-15T11:38:32
TITAGARH,INE615H01020,2024-03-15,NSE,EQ,EQ,buy,false,3.000000,854.349976,64329271,1300000021938003,2024-03-15T11:38:32
TITAGARH,INE615H01020,2024-03-15,NSE,EQ,EQ,buy,false,1.000000,854.349976,64329272,1300000021938003,2024-03-15T11:38:32
MOTHERSON,INE775A01035,2024-03-15,NSE,EQ,EQ,buy,false,90.000000,111.300003,48417480,1200000050714594,2024-03-15T14:45:43
EXIDEIND,INE302A01020,2024-03-15,NSE,EQ,EQ,buy,false,30.000000,306.350006,28451479,1100000046403575,2024-03-15T14:45:43
MAXHEALTH,INE027H01010,2024-03-15,NSE,EQ,EQ,buy,false,7.000000,730.000000,48417479,1200000050714591,2024-03-15T14:45:43
KPITTECH,INE04I401011,2024-03-18,NSE,EQ,EQ,buy,false,10.000000,1395.000000,40916396,1200000004226885,2024-03-18T09:30:16
JPPOWER,INE351F01018,2024-03-19,NSE,EQ,BE,buy,false,600.000000,15.200000,44850780,1200000030526840,2024-03-19T12:49:38
HINDUNILVR,INE030A01027,2024-03-19,NSE,EQ,EQ,buy,false,8.000000,2260.399902,25621919,1100000033359689,2024-03-19T14:00:01
SBICARD,INE018E01016,2024-03-26,NSE,EQ,EQ,buy,false,15.000000,705.299988,62129356,1300000009516549,2024-03-26T10:09:05
NYKAA,INE388Y01029,2024-03-26,NSE,EQ,EQ,sell,false,16.000000,163.550003,42269454,1200000012136146,2024-03-26T10:20:24
GLAND,INE068V01023,2024-03-26,NSE,EQ,EQ,sell,false,1.000000,1773.099976,22633369,1100000012200098,2024-03-26T10:20:24
GLAND,INE068V01023,2024-03-26,NSE,EQ,EQ,sell,false,1.000000,1773.099976,22633368,1100000012200098,2024-03-26T10:20:24
NYKAA,INE388Y01029,2024-03-26,NSE,EQ,EQ,sell,false,64.000000,163.500000,42269455,1200000012136146,2024-03-26T10:20:24
GLAND,INE068V01023,2024-03-26,NSE,EQ,EQ,sell,false,1.000000,1773.099976,22633367,1100000012200098,2024-03-26T10:20:24
SRF,INE647A01010,2024-03-26,NSE,EQ,EQ,sell,false,3.000000,2583.250000,62402541,1300000010905850,2024-03-26T10:21:46
SRF,INE647A01010,2024-03-26,NSE,EQ,EQ,sell,false,3.000000,2583.250000,62402540,1300000010905850,2024-03-26T10:21:46
INDIGOPNTS,INE09VQ01012,2024-03-26,NSE,EQ,EQ,buy,false,4.000000,1298.449951,25437509,1100000026653525,2024-03-26T12:38:27
INDIGOPNTS,INE09VQ01012,2024-03-26,NSE,EQ,EQ,buy,false,11.000000,1298.400024,25437508,1100000026653525,2024-03-26T12:38:27
HMAAGRO,INE0ECP01024,2024-04-15,NSE,EQ,EQ,buy,false,200.000000,64.099998,30303608,1100000054600541,2024-04-15T15:19:36
VAIBHAVGBL,INE884A01027,2024-04-19,NSE,EQ,EQ,buy,false,5.000000,375.500000,68908584,1300000052275992,2024-04-19T15:19:13
VAIBHAVGBL,INE884A01027,2024-04-19,NSE,EQ,EQ,buy,false,2.000000,375.500000,68908583,1300000052275992,2024-04-19T15:19:13
NESTLEIND,INE239A01024,2024-04-19,NSE,EQ,EQ,buy,false,4.000000,2438.149902,48351052,1200000057065285,2024-04-19T15:19:13
BERGEPAINT,INE463A01038,2024-04-19,NSE,EQ,EQ,buy,false,15.000000,504.350006,6873057,1000000049656809,2024-04-19T15:19:13
VAIBHAVGBL,INE884A01027,2024-04-19,NSE,EQ,EQ,buy,false,6.000000,375.500000,68908582,1300000052275992,2024-04-19T15:19:13
MAXHEALTH,INE027H01010,2024-04-19,NSE,EQ,EQ,buy,false,2.000000,776.700012,48449587,1200000057329227,2024-04-19T15:21:16
MAXHEALTH,INE027H01010,2024-04-19,NSE,EQ,EQ,buy,false,4.000000,776.700012,48449586,1200000057329227,2024-04-19T15:21:16
SUZLON,INE040H01021,2024-04-19,NSE,EQ,BE,buy,false,15.000000,39.099998,69002356,1300000052525229,2024-04-19T15:21:16
BECTORFOOD,INE495P01012,2024-04-19,NSE,EQ,EQ,buy,false,1.000000,1048.000000,6949652,1000000049871023,2024-04-19T15:21:16
BECTORFOOD,INE495P01012,2024-04-19,NSE,EQ,EQ,buy,false,9.000000,1048.000000,6949653,1000000049871023,2024-04-19T15:21:16
INDIGOPNTS,INE09VQ01012,2024-04-19,NSE,EQ,EQ,buy,false,7.000000,1315.949951,29265541,1100000056712423,2024-04-19T15:21:16
KOTAKBANK,INE237A01028,2024-04-25,NSE,EQ,EQ,buy,false,7.000000,1652.099976,41825508,1200000009665151,2024-04-25T09:55:10
BAJFINANCE,INE296A01024,2024-04-26,NSE,EQ,EQ,buy,false,2.000000,6714.200195,5352812,1000000032818182,2024-04-26T13:41:05
AFFLE,INE00WC01027,2024-04-26,NSE,EQ,EQ,sell,false,2.000000,1105.250000,7066393,1000000042417008,2024-04-26T15:10:18
LICI,INE0J1Y01017,2024-04-26,NSE,EQ,EQ,sell,false,10.000000,988.500000,48974306,1200000051570735,2024-04-26T15:10:18
AFFLE,INE00WC01027,2024-04-26,NSE,EQ,EQ,sell,false,1.000000,1105.199951,7066394,1000000042417008,2024-04-26T15:10:18
LALPATHLAB,INE600L01024,2024-04-26,NSE,EQ,EQ,sell,false,4.000000,2388.949951,48974307,1200000051570759,2024-04-26T15:10:18
AFFLE,INE00WC01027,2024-04-26,NSE,EQ,EQ,sell,false,12.000000,1105.150024,7066395,1000000042417008,2024-04-26T15:10:18
SYMPHONY,INE225D01027,2024-04-26,NSE,EQ,EQ,sell,false,8.000000,932.000000,68324691,1300000043643233,2024-04-26T15:11:23
HINDUNILVR,INE030A01027,2024-04-30,NSE,EQ,EQ,buy,false,6.000000,2228.149902,20409327,1100000001972011,2024-04-30T09:20:12
TATAELXSI,INE670A01012,2024-05-07,NSE,EQ,EQ,buy,false,1.000000,7078.899902,61893248,1300000009514607,2024-05-07T10:07:09
TATAELXSI,INE670A01012,2024-05-07,NSE,EQ,EQ,buy,false,1.000000,7078.899902,61893249,1300000009514607,2024-05-07T10:07:09
IDFCFIRSTB,INE092T01019,2024-05-07,NSE,EQ,EQ,buy,false,100.000000,77.900002,25311739,1100000030818472,2024-05-07T12:05:01
SBICARD,INE018E01016,2024-05-07,NSE,EQ,EQ,buy,false,10.000000,713.400024,64866644,1300000024219553,2024-05-07T12:05:01
HMAAGRO,INE0ECP01024,2024-05-07,NSE,EQ,EQ,buy,false,74.000000,57.700001,25311742,1100000030818476,2024-05-07T12:05:01
HMAAGRO,INE0ECP01024,2024-05-07,NSE,EQ,EQ,buy,false,86.000000,57.700001,25311743,1100000030818476,2024-05-07T12:05:01
PIDILITIND,INE318A01026,2024-05-08,NSE,EQ,EQ,buy,false,5.000000,2812.000000,44075082,1200000024440660,2024-05-08T11:29:04
ATGL,INE399L01023,2024-05-09,NSE,EQ,EQ,buy,false,4.000000,896.099976,1859226,1000000010957405,2024-05-09T10:12:37
BCG,INE425B01027,2024-05-09,NSE,EQ,BZ,buy,false,400.000000,13.200000,1859228,1000000010957422,2024-05-09T10:12:37
TITAN,INE280A01028,2024-05-09,NSE,EQ,EQ,buy,false,1.000000,3274.949951,61940753,1300000010814449,2024-05-09T10:12:37
ATGL,INE399L01023,2024-05-09,NSE,EQ,EQ,buy,false,2.000000,896.099976,1859227,1000000010957405,2024-05-09T10:12:37
SONATSOFTW,INE269A01021,2024-05-09,NSE,EQ,EQ,buy,false,10.000000,523.000000,61940752,1300000010814440,2024-05-09T10:12:37
CLEAN,INE227W01023,2024-05-09,NSE,EQ,EQ,buy,false,4.000000,1290.000000,6550068,1000000041215718,2024-05-09T14:34:40
IDFCFIRSTB,INE092T01019,2024-05-09,NSE,EQ,EQ,buy,false,130.000000,76.349998,27073484,1100000042059852,2024-05-09T14:34:40
JIOFIN,INE758E01017,2024-05-09,NSE,EQ,EQ,buy,false,15.000000,347.649994,47651352,1200000046365678,2024-05-09T14:34:40
CLEAN,INE227W01023,2024-05-09,NSE,EQ,EQ,buy,false,4.000000,1290.000000,6550069,1000000041215718,2024-05-09T14:34:40
JKPAPER,INE789E01012,2024-05-09,NSE,EQ,EQ,buy,false,15.000000,358.149994,47651353,1200000046365693,2024-05-09T14:34:40
JPPOWER,INE351F01018,2024-05-09,NSE,EQ,BE,buy,false,300.000000,18.200001,47651351,1200000046365672,2024-05-09T14:34:40
SUZLON,INE040H01021,2024-05-09,NSE,EQ,BE,buy,false,250.000000,39.700001,67478506,1300000041089484,2024-05-09T14:34:40
PVRINOX,INE191H01014,2024-05-29,NSE,EQ,EQ,buy,false,5.000000,1329.800049,40623508,1200000003012634,2024-05-29T09:23:40
LTIM,INE214T01019,2024-05-31,NSE,EQ,EQ,buy,false,1.000000,4743.799805,40805835,1200000004252367,2024-05-31T09:28:16
INFY,INE009A01021,2024-05-31,NSE,EQ,EQ,buy,false,6.000000,1414.849976,20832668,1100000004386241,2024-05-31T09:28:16
TCS,INE467B01029,2024-05-31,NSE,EQ,EQ,buy,false,2.000000,3740.199951,60746674,1300000003686018,2024-05-31T09:28:16
PERSISTENT,INE262H01021,2024-05-31,NSE,EQ,EQ,buy,false,6.000000,3490.000000,40805834,1200000004252362,2024-05-31T09:28:16
COFORGE,INE591G01017,2024-05-31,NSE,EQ,EQ,buy,false,3.000000,4996.850098,654940,1000000003738993,2024-05-31T09:28:16
HCLTECH,INE860A01027,2024-05-31,NSE,EQ,EQ,buy,false,10.000000,1333.000000,20832667,1100000004386226,2024-05-31T09:28:16
ARVIND,INE034A01011,2024-06-04,NSE,EQ,EQ,sell,false,27.000000,350.200012,2228199,1000000008344191,2024-06-04T09:33:53
ARVIND,INE034A01011,2024-06-04,NSE,EQ,EQ,sell,false,2.000000,350.250000,2228197,1000000008344191,2024-06-04T09:33:53
ARVIND,INE034A01011,2024-06-04,NSE,EQ,EQ,sell,false,1.000000,350.250000,2228198,1000000008344191,2024-06-04T09:33:53
ACI,INE128X01021,2024-06-04,NSE,EQ,EQ,sell,false,10.000000,598.200012,2228201,1000000008344228,2024-06-04T09:33:53
ARE&M,INE885A01032,2024-06-04,NSE,EQ,EQ,sell,false,2.000000,1129.099976,2228187,1000000008344153,2024-06-04T09:33:53
TATACHEM,INE092A01019,2024-06-04,NSE,EQ,EQ,sell,false,4.000000,1013.099976,62139946,1300000007428097,2024-06-04T09:33:53
TATACHEM,INE092A01019,2024-06-04,NSE,EQ,EQ,sell,false,2.000000,1013.099976,62139947,1300000007428097,2024-06-04T09:33:53
TORNTPOWER,INE813H01021,2024-06-04,NSE,EQ,EQ,sell,false,7.000000,1480.199951,62139915,1300000007428051,2024-06-04T09:33:53
HEG,INE545A01016,2024-06-04,NSE,EQ,EQ,sell,false,5.000000,2270.899902,22297586,1100000008742963,2024-06-04T09:33:53
GESHIP,INE017A01032,2024-06-04,NSE,EQ,EQ,sell,false,2.000000,1014.099976,22297487,1100000008742660,2024-06-04T09:33:53
GESHIP,INE017A01032,2024-06-04,NSE,EQ,EQ,sell,false,6.000000,1014.099976,22297486,1100000008742660,2024-06-04T09:33:53
GHCL,INE539A01019,2024-06-04,NSE,EQ,EQ,sell,false,3.000000,486.000000,22297475,1100000008742579,2024-06-04T09:33:53
GHCL,INE539A01019,2024-06-04,NSE,EQ,EQ,sell,false,1.000000,486.000000,22297476,1100000008742579,2024-06-04T09:33:53
GHCL,INE539A01019,2024-06-04,NSE,EQ,EQ,sell,false,2.000000,486.000000,22297477,1100000008742579,2024-06-04T09:33:53
GHCL,INE539A01019,2024-06-04,NSE,EQ,EQ,sell,false,1.000000,486.000000,22297478,1100000008742579,2024-06-04T09:33:53
GHCL,INE539A01019,2024-06-04,NSE,EQ,EQ,sell,false,8.000000,486.000000,22297479,1100000008742579,2024-06-04T09:33:53
PCBL,INE602A01031,2024-06-04,NSE,EQ,EQ,sell,false,2.000000,225.699997,42020071,1200000007750441,2024-06-04T09:33:53
PCBL,INE602A01031,2024-06-04,NSE,EQ,EQ,sell,false,24.000000,225.699997,42020072,1200000007750441,2024-06-04T09:33:53
HGINFRA,INE926X01010,2024-06-04,NSE,EQ,EQ,sell,false,3.000000,1457.750000,22297441,1100000008742523,2024-06-04T09:33:53
MAHSEAMLES,INE271B01025,2024-06-04,NSE,EQ,EQ,sell,false,7.000000,645.650024,42020156,1200000007750512,2024-06-04T09:33:53
NCC,INE868B01028,2024-06-04,NSE,EQ,EQ,sell,false,30.000000,298.200012,42020070,1200000007750436,2024-06-04T09:33:53
JKIL,INE576I01022,2024-06-04,NSE,EQ,EQ,buy,false,3.000000,727.500000,42023767,1200000007764078,2024-06-04T09:33:55
TATAMOTORS,INE155A01022,2024-06-04,NSE,EQ,EQ,buy,false,1.000000,920.799988,62143763,1300000007441284,2024-06-04T09:33:55
NMDC,INE584A01023,2024-06-04,NSE,EQ,EQ,buy,false,30.000000,256.600006,42023775,1200000007764124,2024-06-04T09:33:55
TATAMOTORS,INE155A01022,2024-06-04,NSE,EQ,EQ,buy,false,1.000000,920.799988,62143765,1300000007441284,2024-06-04T09:33:55
TATAMOTORS,INE155A01022,2024-06-04,NSE,EQ,EQ,buy,false,1.000000,920.799988,62143767,1300000007441284,2024-06-04T09:33:55
TATAMOTORS,INE155A01022,2024-06-04,NSE,EQ,EQ,buy,false,1.000000,920.799988,62143766,1300000007441284,2024-06-04T09:33:55
TATAMOTORS,INE155A01022,2024-06-04,NSE,EQ,EQ,buy,false,1.000000,920.799988,62143762,1300000007441284,2024-06-04T09:33:55
TATAMOTORS,INE155A01022,2024-06-04,NSE,EQ,EQ,buy,false,2.000000,920.799988,62143761,1300000007441284,2024-06-04T09:33:55
TIMETECHNO,INE508G01029,2024-06-04,NSE,EQ,EQ,buy,false,28.000000,271.700012,62143772,1300000007441325,2024-06-04T09:33:55
AVANTIFEED,INE871C01038,2024-06-04,NSE,EQ,EQ,buy,false,15.000000,506.250000,2232015,1000000008357782,2024-06-04T09:33:55
JINDALSAW,INE324A01024,2024-06-04,NSE,EQ,EQ,buy,false,1.000000,531.799988,42023761,1200000007764066,2024-06-04T09:33:55
CEATLTD,INE482A01020,2024-06-04,NSE,EQ,EQ,buy,false,3.000000,2377.000000,2231998,1000000008357734,2024-06-04T09:33:55
JINDALSAW,INE324A01024,2024-06-04,NSE,EQ,EQ,buy,false,7.000000,531.799988,42023762,1200000007764066,2024-06-04T09:33:55
JINDALSAW,INE324A01024,2024-06-04,NSE,EQ,EQ,buy,false,1.000000,531.799988,42023763,1200000007764066,2024-06-04T09:33:55
JINDALSAW,INE324A01024,2024-06-04,NSE,EQ,EQ,buy,false,6.000000,531.799988,42023764,1200000007764066,2024-06-04T09:33:55
LTFOODS,INE818H01020,2024-06-04,NSE,EQ,EQ,buy,false,38.000000,206.000000,22301700,1100000008757632,2024-06-04T09:33:55
COALINDIA,INE522F01014,2024-06-04,NSE,EQ,EQ,buy,false,16.000000,471.200012,2232006,1000000008357758,2024-06-04T09:33:55
APOLLOTYRE,INE438A01022,2024-06-04,NSE,EQ,EQ,buy,false,17.000000,462.250000,2231996,1000000008357709,2024-06-04T09:33:55
ISEC,INE763G01038,2024-06-04,NSE,EQ,EQ,buy,false,3.000000,730.099976,22301694,1100000008757620,2024-06-04T09:33:55
ISEC,INE763G01038,2024-06-04,NSE,EQ,EQ,buy,false,8.000000,730.000000,22301693,1100000008757620,2024-06-04T09:33:55
JKIL,INE576I01022,2024-06-04,NSE,EQ,EQ,buy,false,2.000000,727.400024,42023765,1200000007764078,2024-06-04T09:33:55
JKIL,INE576I01022,2024-06-04,NSE,EQ,EQ,buy,false,6.000000,727.450012,42023766,1200000007764078,2024-06-04T09:33:55
TATAMOTORS,INE155A01022,2024-06-04,NSE,EQ,EQ,buy,false,1.000000,920.799988,62143764,1300000007441284,2024-06-04T09:33:55
DALBHARAT,INE00R701025,2024-06-04,NSE,EQ,EQ,buy,false,3.000000,1754.250000,22691650,1100000010374622,2024-06-04T09:37:43
NCC,INE868B01028,2024-06-04,NSE,EQ,EQ,buy,false,5.000000,300.399994,42353463,1200000009147347,2024-06-04T09:37:43
POLYCAB,INE455K01017,2024-06-04,NSE,EQ,EQ,buy,false,1.000000,6895.750000,42353455,1200000009147313,2024-06-04T09:37:43
JKCEMENT,INE823G01014,2024-06-04,NSE,EQ,EQ,buy,false,1.000000,3911.750000,42353474,1200000009147373,2024-06-04T09:37:43
NTPC,INE733E01010,2024-06-04,NSE,EQ,EQ,buy,false,15.000000,368.299988,42353450,1200000009147285,2024-06-04T09:37:43
TITAGARH,INE615H01020,2024-06-04,NSE,EQ,EQ,buy,false,1.000000,1459.849976,62493359,1300000008803657,2024-06-04T09:37:43
LT,INE018A01030,2024-06-04,NSE,EQ,EQ,buy,false,2.000000,3728.399902,42353456,1200000009147322,2024-06-04T09:37:43
INDIGRID,INE219X23014,2024-06-04,NSE,EQ,IV,buy,false,31.000000,132.889999,22691640,1100000010374586,2024-06-04T09:37:43
ADANIPORTS,INE742F01042,2024-06-04,NSE,EQ,EQ,buy,false,2.000000,1464.550049,2614077,1000000009874006,2024-06-04T09:37:43
IRBINVIT,INE183W23014,2024-06-04,NSE,EQ,IV,buy,false,71.000000,65.459999,22691657,1100000010374660,2024-06-04T09:37:43
PNCINFRA,INE195J01029,2024-06-04,NSE,EQ,EQ,buy,false,4.000000,521.900024,42353443,1200000009147269,2024-06-04T09:37:43
GPPL,INE517F01014,2024-06-04,NSE,EQ,EQ,buy,false,7.000000,193.699997,22691652,1100000010374635,2024-06-04T09:37:43
JWL,INE209L01016,2024-06-04,NSE,EQ,EQ,buy,false,1.000000,622.650024,2614031,1000000009873753,2024-06-04T09:37:43
GPPL,INE517F01014,2024-06-04,NSE,EQ,EQ,buy,false,11.000000,193.699997,22691651,1100000010374635,2024-06-04T09:37:43
HINDALCO,INE038A01020,2024-06-04,NSE,EQ,EQ,buy,false,7.000000,676.849976,22764937,1100000010719432,2024-06-04T09:38:37
NATIONALUM,INE139A01034,2024-06-04,NSE,EQ,EQ,buy,false,9.000000,181.350006,42419380,1200000009457186,2024-06-04T09:38:37
RATNAMANI,INE703B01027,2024-06-04,NSE,EQ,EQ,buy,false,1.000000,3221.000000,62562654,1300000009092939,2024-06-04T09:38:37
NMDC,INE584A01023,2024-06-04,NSE,EQ,EQ,buy,false,14.000000,258.799988,42419351,1200000009457036,2024-06-04T09:38:37
RATNAMANI,INE703B01027,2024-06-04,NSE,EQ,EQ,buy,false,3.000000,3220.850098,62562653,1300000009092939,2024-06-04T09:38:37
JSWSTEEL,INE019A01038,2024-06-04,NSE,EQ,EQ,buy,false,11.000000,893.250000,42419359,1200000009457107,2024-06-04T09:38:37
MOIL,INE490G01020,2024-06-04,NSE,EQ,EQ,buy,false,3.000000,507.450012,42419347,1200000009457015,2024-06-04T09:38:37
TATASTEEL,INE081A01020,2024-06-04,NSE,EQ,EQ,buy,false,30.000000,169.199997,62562645,1300000009092878,2024-06-04T09:38:37
SAIL,INE114A01011,2024-06-04,NSE,EQ,EQ,buy,false,20.000000,154.699997,62562642,1300000009092867,2024-06-04T09:38:37
APLAPOLLO,INE702C01027,2024-06-04,NSE,EQ,EQ,buy,false,1.000000,1518.800049,2691542,1000000010201028,2024-06-04T09:38:37
APLAPOLLO,INE702C01027,2024-06-04,NSE,EQ,EQ,buy,false,3.000000,1518.800049,2691541,1000000010201028,2024-06-04T09:38:37
APLAPOLLO,INE702C01027,2024-06-04,NSE,EQ,EQ,buy,false,1.000000,1518.750000,2691540,1000000010201028,2024-06-04T09:38:37
OIL,INE274J01014,2024-06-04,NSE,EQ,EQ,buy,false,12.000000,581.950012,48180408,1200000036601871,2024-06-04T11:28:51
NHPC,INE848E01016,2024-06-04,NSE,EQ,EQ,buy,false,43.000000,101.000000,48180427,1200000036601951,2024-06-04T11:28:51
SJVN,INE002L01015,2024-06-04,NSE,EQ,EQ,buy,false,23.000000,126.199997,68534830,1300000035889573,2024-06-04T11:28:51
TATAPOWER,INE245A01021,2024-06-04,NSE,EQ,EQ,buy,false,17.000000,410.899994,68534886,1300000035889731,2024-06-04T11:28:51
NTPC,INE733E01010,2024-06-04,NSE,EQ,EQ,buy,false,26.000000,333.049988,48180420,1200000036601917,2024-06-04T11:28:51
TORNTPOWER,INE813H01021,2024-06-04,NSE,EQ,EQ,buy,false,5.000000,1363.550049,68534831,1300000035889583,2024-06-04T11:28:51
POWERGRID,INE752E01010,2024-06-04,NSE,EQ,EQ,buy,false,33.000000,289.450012,48180421,1200000036601920,2024-06-04T11:28:51
ONGC,INE213A01029,2024-06-04,NSE,EQ,EQ,buy,false,37.000000,247.750000,48180404,1200000036601843,2024-06-04T11:28:51
RELIANCE,INE002A01018,2024-06-04,NSE,EQ,EQ,buy,false,4.000000,2848.100098,68534839,1300000035889597,2024-06-04T11:28:51
BPCL,INE029A01011,2024-06-04,NSE,EQ,EQ,buy,false,13.000000,606.599976,9025455,1000000039389617,2024-06-04T11:28:51
GSPL,INE246F01010,2024-06-04,NSE,EQ,EQ,buy,false,7.000000,288.850006,29364106,1100000042706832,2024-06-04T11:28:51
GAIL,INE129A01019,2024-06-04,NSE,EQ,EQ,buy,false,35.000000,196.199997,29364125,1100000042706889,2024-06-04T11:28:51
GSPL,INE246F01010,2024-06-04,NSE,EQ,EQ,buy,false,1.000000,288.899994,29364110,1100000042706832,2024-06-04T11:28:51
COALINDIA,INE522F01014,2024-06-04,NSE,EQ,EQ,buy,false,17.000000,441.950012,9025519,1000000039389783,2024-06-04T11:28:51
GSPL,INE246F01010,2024-06-04,NSE,EQ,EQ,buy,false,12.000000,288.899994,29364109,1100000042706832,2024-06-04T11:28:51
GSPL,INE246F01010,2024-06-04,NSE,EQ,EQ,buy,false,7.000000,288.899994,29364108,1100000042706832,2024-06-04T11:28:51
GSPL,INE246F01010,2024-06-04,NSE,EQ,EQ,buy,false,10.000000,288.850006,29364107,1100000042706832,2024-06-04T11:28:51
RATNAMANI,INE703B01027,2024-06-04,NSE,EQ,EQ,buy,false,2.000000,3258.000000,68650427,1300000036330847,2024-06-04T11:30:45
NATIONALUM,INE139A01034,2024-06-04,NSE,EQ,EQ,buy,false,30.000000,167.850006,48293833,1200000037076191,2024-06-04T11:30:45
SAIL,INE114A01011,2024-06-04,NSE,EQ,EQ,buy,false,33.000000,142.250000,68650413,1300000036330727,2024-06-04T11:30:45
JSWSTEEL,INE019A01038,2024-06-04,NSE,EQ,EQ,buy,false,8.000000,855.700012,48293855,1200000037076295,2024-06-04T11:30:45
NMDC,INE584A01023,2024-06-04,NSE,EQ,EQ,buy,false,21.000000,242.199997,48293851,1200000037076240,2024-06-04T11:30:45
TATASTEEL,INE081A01020,2024-06-04,NSE,EQ,EQ,buy,false,32.000000,162.199997,68650423,1300000036330809,2024-06-04T11:30:45
MOIL,INE490G01020,2024-06-04,NSE,EQ,EQ,buy,false,11.000000,462.600006,48293857,1200000037076318,2024-06-04T11:30:45
MOIL,INE490G01020,2024-06-04,NSE,EQ,EQ,buy,false,1.000000,462.500000,48293856,1200000037076318,2024-06-04T11:30:45
HINDALCO,INE038A01020,2024-06-04,NSE,EQ,EQ,buy,false,8.000000,638.650024,29487983,1100000043245251,2024-06-04T11:30:45
APLAPOLLO,INE702C01027,2024-06-04,NSE,EQ,EQ,buy,false,3.000000,1479.949951,9169595,1000000039958555,2024-06-04T11:30:45
APLAPOLLO,INE702C01027,2024-06-04,NSE,EQ,EQ,buy,false,1.000000,1479.750000,9169594,1000000039958555,2024-06-04T11:30:45
TITAGARH,INE615H01020,2024-06-04,NSE,EQ,EQ,buy,false,1.000000,1224.000000,68694162,1300000036514881,2024-06-04T11:31:36
HGINFRA,INE926X01010,2024-06-04,NSE,EQ,EQ,buy,false,2.000000,1370.000000,29539781,1100000043476342,2024-06-04T11:31:36
PNCINFRA,INE195J01029,2024-06-04,NSE,EQ,EQ,buy,false,1.000000,494.950012,48337625,1200000037286632,2024-06-04T11:31:36
NCC,INE868B01028,2024-06-04,NSE,EQ,EQ,buy,false,4.000000,271.850006,48337612,1200000037286555,2024-06-04T11:31:36
NCC,INE868B01028,2024-06-04,NSE,EQ,EQ,buy,false,2.000000,271.850006,48337613,1200000037286555,2024-06-04T11:31:36
NCC,INE868B01028,2024-06-04,NSE,EQ,EQ,buy,false,1.000000,271.850006,48337614,1200000037286555,2024-06-04T11:31:36
NCC,INE868B01028,2024-06-04,NSE,EQ,EQ,buy,false,2.000000,271.850006,48337615,1200000037286555,2024-06-04T11:31:36
KEI,INE878B01027,2024-06-04,NSE,EQ,EQ,buy,false,1.000000,4187.850098,48337618,1200000037286591,2024-06-04T11:31:36
LT,INE018A01030,2024-06-04,NSE,EQ,EQ,buy,false,1.000000,3582.050049,48337610,1200000037286534,2024-06-04T11:31:36
NTPC,INE733E01010,2024-06-04,NSE,EQ,EQ,buy,false,13.000000,336.100006,48337587,1200000037286435,2024-06-04T11:31:36
PNCINFRA,INE195J01029,2024-06-04,NSE,EQ,EQ,buy,false,1.000000,494.950012,48337627,1200000037286632,2024-06-04T11:31:36
JKCEMENT,INE823G01014,2024-06-04,NSE,EQ,EQ,buy,false,1.000000,3869.800049,48337616,1200000037286569,2024-06-04T11:31:36
INDIGRID,INE219X23014,2024-06-04,NSE,EQ,IV,buy,false,14.000000,132.880005,29539785,1100000043476373,2024-06-04T11:31:36
DALBHARAT,INE00R701025,2024-06-04,NSE,EQ,EQ,buy,false,1.000000,1712.500000,29539779,1100000043476323,2024-06-04T11:31:36
ADANIPORTS,INE742F01042,2024-06-04,NSE,EQ,EQ,buy,false,2.000000,1284.800049,9216930,1000000040186323,2024-06-04T11:31:36
IRBINVIT,INE183W23014,2024-06-04,NSE,EQ,IV,buy,false,28.000000,65.050003,29539792,1100000043476422,2024-06-04T11:31:36
JWL,INE209L01016,2024-06-04,NSE,EQ,EQ,buy,false,2.000000,579.099976,9216940,1000000040186422,2024-06-04T11:31:36
GPPL,INE517F01014,2024-06-04,NSE,EQ,EQ,buy,false,14.000000,184.250000,29539769,1100000043476237,2024-06-04T11:31:36
PNCINFRA,INE195J01029,2024-06-04,NSE,EQ,EQ,buy,false,2.000000,494.950012,48337626,1200000037286632,2024-06-04T11:31:36
DABUR,INE016A01026,2024-06-05,NSE,EQ,EQ,sell,false,10.000000,619.799988,24627161,1100000018630792,2024-06-05T10:13:35
BRITANNIA,INE216A01030,2024-06-05,NSE,EQ,EQ,sell,false,3.000000,5643.700195,4395379,1000000017573665,2024-06-05T10:14:38
REDINGTON,INE891D01026,2024-06-14,NSE,EQ,EQ,sell,false,56.000000,214.570007,73676945,1300000007690860,2024-06-14T09:42:44
SCHAEFFLER,INE513A01022,2024-06-14,NSE,EQ,EQ,sell,false,1.000000,4591.500000,73676968,1300000007690895,2024-06-14T09:42:44
SUNDARMFIN,INE660A01013,2024-06-14,NSE,EQ,EQ,sell,false,2.000000,4573.899902,73676971,1300000007690921,2024-06-14T09:42:44
PERSISTENT,INE262H01021,2024-06-14,NSE,EQ,EQ,sell,false,1.000000,3764.100098,49677132,1200000008610616,2024-06-14T09:42:44
MARICO,INE196A01026,2024-06-14,NSE,EQ,EQ,sell,false,1.000000,616.049988,49677131,1200000008610612,2024-06-14T09:42:44
REDINGTON,INE891D01026,2024-06-14,NSE,EQ,EQ,sell,false,20.000000,214.570007,73676944,1300000007690860,2024-06-14T09:42:44
JIOFIN,INE758E01017,2024-06-14,NSE,EQ,EQ,sell,false,6.000000,358.350006,49677129,1200000008610611,2024-06-14T09:42:44
MARICO,INE196A01026,2024-06-14,NSE,EQ,EQ,sell,false,23.000000,616.049988,49677130,1200000008610612,2024-06-14T09:42:44
LAOPALA,INE059D01020,2024-06-14,NSE,EQ,EQ,sell,false,35.000000,312.350006,49677134,1200000008610633,2024-06-14T09:42:44
ASTRAL,INE006I01046,2024-06-14,NSE,EQ,EQ,buy,false,2.000000,2283.500000,1389325,1000000007036707,2024-06-14T09:42:46
PIDILITIND,INE318A01026,2024-06-14,NSE,EQ,EQ,buy,false,2.000000,3118.949951,49678487,1200000008618322,2024-06-14T09:42:46
ASIANPAINT,INE021A01026,2024-06-14,NSE,EQ,EQ,buy,false,3.000000,2914.000000,1389317,1000000007036667,2024-06-14T09:42:46
HINDUNILVR,INE030A01027,2024-06-14,NSE,EQ,EQ,buy,false,3.000000,2491.199951,25883832,1100000009301973,2024-06-14T09:42:46
KEI,INE878B01027,2024-06-14,NSE,EQ,EQ,buy,false,4.000000,5018.500000,49678481,1200000008618266,2024-06-14T09:42:46
RELIANCE,INE002A01018,2024-06-14,NSE,EQ,EQ,buy,false,1.000000,2922.000000,73678121,1300000007696993,2024-06-14T09:42:46
ITC,INE154A01025,2024-06-14,NSE,EQ,EQ,buy,false,8.000000,429.850006,25883825,1100000009301941,2024-06-14T09:42:46
INFY,INE009A01021,2024-06-14,NSE,EQ,EQ,buy,false,3.000000,1489.000000,25883828,1100000009301957,2024-06-14T09:42:46
NTPC,INE733E01010,2024-06-14,NSE,EQ,EQ,sell,false,16.000000,366.500000,49707152,1200000008774297,2024-06-14T09:43:30
ADANIPORTS,INE742F01042,2024-06-14,NSE,EQ,EQ,sell,false,2.000000,1402.449951,1416333,1000000007169905,2024-06-14T09:43:30
NCC,INE868B01028,2024-06-14,NSE,EQ,EQ,sell,false,7.000000,324.299988,49707156,1200000008774310,2024-06-14T09:43:30
LT,INE018A01030,2024-06-14,NSE,EQ,EQ,sell,false,2.000000,3701.300049,49707174,1200000008774328,2024-06-14T09:43:30
PNCINFRA,INE195J01029,2024-06-14,NSE,EQ,EQ,buy,false,6.000000,482.950012,49708659,1200000008781464,2024-06-14T09:43:32
POWERGRID,INE752E01010,2024-06-14,NSE,EQ,EQ,buy,false,48.000000,320.100006,49708663,1200000008781512,2024-06-14T09:43:32
GSPL,INE246F01010,2024-06-14,NSE,EQ,EQ,sell,false,52.000000,306.100006,25945282,1100000009628749,2024-06-14T09:44:12
SJVN,INE002L01015,2024-06-14,NSE,EQ,EQ,buy,false,22.000000,132.699997,73732388,1300000007942087,2024-06-14T09:44:14
RELIANCE,INE002A01018,2024-06-14,NSE,EQ,EQ,buy,false,1.000000,2921.100098,73732387,1300000007942083,2024-06-14T09:44:14
TORNTPOWER,INE813H01021,2024-06-14,NSE,EQ,EQ,buy,false,3.000000,1591.800049,73732391,1300000007942095,2024-06-14T09:44:14
NHPC,INE848E01016,2024-06-14,NSE,EQ,EQ,buy,false,29.000000,102.000000,49737271,1200000008931346,2024-06-14T09:44:14
BPCL,INE029A01011,2024-06-14,NSE,EQ,EQ,buy,false,3.000000,627.250000,1440516,1000000007298990,2024-06-14T09:44:14
RATNAMANI,INE703B01027,2024-06-14,NSE,EQ,EQ,sell,false,1.000000,3421.350098,73767863,1300000008085739,2024-06-14T09:45:03
SAIL,INE114A01011,2024-06-14,NSE,EQ,EQ,sell,false,26.000000,149.470001,73767862,1300000008085736,2024-06-14T09:45:03
MOIL,INE490G01020,2024-06-14,NSE,EQ,EQ,sell,false,13.000000,540.299988,49774057,1200000009118324,2024-06-14T09:45:03
NATIONALUM,INE139A01034,2024-06-14,NSE,EQ,EQ,sell,false,34.000000,191.500000,49774055,1200000009118303,2024-06-14T09:45:03
JSWSTEEL,INE019A01038,2024-06-14,NSE,EQ,EQ,sell,false,3.000000,906.349976,49774056,1200000009118321,2024-06-14T09:45:03
APLAPOLLO,INE702C01027,2024-06-14,NSE,EQ,EQ,buy,false,2.000000,1544.849976,1469850,1000000007443207,2024-06-14T09:45:05
HINDALCO,INE038A01020,2024-06-14,NSE,EQ,EQ,buy,false,6.000000,680.000000,25989133,1100000009834725,2024-06-14T09:45:05
JINDALSTEL,INE749A01030,2024-06-14,NSE,EQ,EQ,buy,false,9.000000,1042.699951,49775398,1200000009126024,2024-06-14T09:45:05
JINDALSTEL,INE749A01030,2024-06-14,NSE,EQ,EQ,buy,false,7.000000,1042.699951,49775399,1200000009126024,2024-06-14T09:45:05
VOLTAS,INE226A01021,2024-06-14,NSE,EQ,EQ,sell,false,2.000000,1476.750000,73809102,1300000008267988,2024-06-14T09:46:04
TATASTEEL,INE081A01020,2024-06-14,NSE,EQ,EQ,sell,false,19.000000,181.800003,73809106,1300000008268000,2024-06-14T09:46:04
TATAPOWER,INE245A01021,2024-06-14,NSE,EQ,EQ,sell,false,13.000000,450.600006,73809100,1300000008267978,2024-06-14T09:46:04
VOLTAS,INE226A01021,2024-06-14,NSE,EQ,EQ,sell,false,1.000000,1476.750000,73809103,1300000008267988,2024-06-14T09:46:04
TCS,INE467B01029,2024-06-14,NSE,EQ,EQ,buy,false,2.000000,3846.800049,73810276,1300000008273822,2024-06-14T09:46:06
TITAN,INE280A01028,2024-06-14,NSE,EQ,EQ,buy,false,1.000000,3490.000000,73810280,1300000008273833,2024-06-14T09:46:06
TATACONSUM,INE192A01025,2024-06-14,NSE,EQ,EQ,buy,false,2.000000,1116.199951,73810278,1300000008273825,2024-06-14T09:46:06
WIPRO,INE075A01022,2024-06-18,NSE,EQ,EQ,sell,false,75.000000,491.600006,73396564,1300000005735498,2024-06-18T09:32:28
JUBLFOOD,INE797F01020,2024-06-18,NSE,EQ,EQ,sell,false,35.000000,540.549988,49619994,1200000007089719,2024-06-18T09:33:35
BANDHANBNK,INE545U01014,2024-06-21,NSE,EQ,EQ,buy,false,50.000000,209.460007,8305379,1000000049556220,2024-06-21T15:13:31
AWL,INE699H01024,2024-06-21,NSE,EQ,EQ,buy,false,30.000000,338.850006,8305381,1000000049556235,2024-06-21T15:13:31
RAJESHEXPO,INE343B01030,2024-06-21,NSE,EQ,EQ,buy,false,30.000000,289.399994,83476428,1300000059961019,2024-06-21T15:13:31
TARSONS,INE144Z01023,2024-06-21,NSE,EQ,EQ,buy,false,3.000000,500.500000,83476433,1300000059961020,2024-06-21T15:13:31
ATGL,INE399L01023,2024-06-21,NSE,EQ,EQ,buy,false,9.000000,922.000000,8305380,1000000049556223,2024-06-21T15:13:31
TARSONS,INE144Z01023,2024-06-21,NSE,EQ,EQ,buy,false,8.000000,500.450012,83476431,1300000059961020,2024-06-21T15:13:31
TARSONS,INE144Z01023,2024-06-21,NSE,EQ,EQ,buy,false,2.000000,500.450012,83476432,1300000059961020,2024-06-21T15:13:31
TARSONS,INE144Z01023,2024-06-21,NSE,EQ,EQ,buy,false,1.000000,500.450012,83476430,1300000059961020,2024-06-21T15:13:31
TARSONS,INE144Z01023,2024-06-21,NSE,EQ,EQ,buy,false,6.000000,500.000000,83476429,1300000059961020,2024-06-21T15:13:31
TATAELXSI,INE670A01012,2024-06-21,NSE,EQ,EQ,buy,false,2.000000,7097.750000,83657649,1300000060456101,2024-06-21T15:15:50
BERGEPAINT,INE463A01038,2024-06-21,NSE,EQ,EQ,buy,false,5.000000,502.049988,8451746,1000000049969879,2024-06-21T15:15:50
BERGEPAINT,INE463A01038,2024-06-21,NSE,EQ,EQ,buy,false,14.000000,502.049988,8451745,1000000049969879,2024-06-21T15:15:50
BERGEPAINT,INE463A01038,2024-06-21,NSE,EQ,EQ,buy,false,3.000000,502.049988,8451744,1000000049969879,2024-06-21T15:15:50
KTKBANK,INE614B01018,2024-07-02,NSE,EQ,EQ,buy,false,1.000000,223.080002,55010818,1200000037836842,2024-07-02T12:39:19
SONATSOFTW,INE269A01021,2024-07-02,NSE,EQ,EQ,buy,false,1.000000,625.400024,78489204,1300000031898917,2024-07-02T12:39:19
KTKBANK,INE614B01018,2024-07-02,NSE,EQ,EQ,buy,false,41.000000,223.080002,55010817,1200000037836842,2024-07-02T12:39:19
SFL,INE916U01025,2024-07-02,NSE,EQ,EQ,buy,false,5.000000,945.099976,78489202,1300000031898914,2024-07-02T12:39:19
SONATSOFTW,INE269A01021,2024-07-02,NSE,EQ,EQ,buy,false,9.000000,625.400024,78489205,1300000031898917,2024-07-02T12:39:19
KTKBANK,INE614B01018,2024-07-02,NSE,EQ,EQ,buy,false,1.000000,223.080002,55010816,1200000037836842,2024-07-02T12:39:19
KTKBANK,INE614B01018,2024-07-02,NSE,EQ,EQ,buy,false,2.000000,223.080002,55010815,1200000037836842,2024-07-02T12:39:19
UJJIVANSFB,INE551W01018,2024-07-02,NSE,EQ,EQ,buy,false,400.000000,44.040001,78489203,1300000031898916,2024-07-02T12:39:19
MANYAVAR,INE825V01034,2024-07-02,NSE,EQ,EQ,buy,false,10.000000,1080.199951,55010819,1200000037836851,2024-07-02T12:39:19
HDFCLIFE,INE795G01014,2024-07-04,NSE,EQ,EQ,buy,false,20.000000,606.500000,26995145,1100000014207075,2024-07-04T10:06:15
PNB,INE160A01022,2024-07-04,NSE,EQ,EQ,buy,false,80.000000,121.989998,50547114,1200000013580657,2024-07-04T10:06:15
BERGEPAINT,INE463A01038,2024-07-04,NSE,EQ,EQ,buy,false,19.000000,511.399994,1944254,1000000010659400,2024-07-04T10:06:15
BERGEPAINT,INE463A01038,2024-07-04,NSE,EQ,EQ,buy,false,1.000000,511.399994,1944255,1000000010659400,2024-07-04T10:06:15
BANDHANBNK,INE545U01014,2024-07-04,NSE,EQ,EQ,buy,false,40.000000,210.100006,1971312,1000000010830945,2024-07-04T10:07:37
ADANIPOWER,INE814H01011,2024-07-04,NSE,EQ,EQ,buy,false,20.000000,715.250000,1971313,1000000010830956,2024-07-04T10:07:37
UTKARSHBNK,INE735W01017,2024-07-05,NSE,EQ,EQ,buy,false,150.000000,51.410000,75242914,1300000015416289,2024-07-05T10:22:22
EQUITASBNK,INE063P01018,2024-07-05,NSE,EQ,EQ,buy,false,23.000000,93.320000,27907611,1100000019237446,2024-07-05T10:22:22
EQUITASBNK,INE063P01018,2024-07-05,NSE,EQ,EQ,buy,false,55.000000,93.300003,27907610,1100000019237446,2024-07-05T10:22:22
UTKARSHBNK,INE735W01017,2024-07-05,NSE,EQ,EQ,buy,false,50.000000,51.410000,75242915,1300000015416289,2024-07-05T10:22:22
EQUITASBNK,INE063P01018,2024-07-05,NSE,EQ,EQ,buy,false,32.000000,93.320000,27907612,1100000019237446,2024-07-05T10:22:22
TITAN,INE280A01028,2024-07-08,NSE,EQ,EQ,buy,false,6.000000,3148.350098,602091625,1300000007890656,2024-07-08T09:37:36
EQUITASBNK,INE063P01018,2024-07-12,NSE,EQ,EQ,buy,false,67.000000,91.489998,211698620,1100000057532852,2024-07-12T14:26:20
EQUITASBNK,INE063P01018,2024-07-12,NSE,EQ,EQ,buy,false,11.000000,91.459999,211698618,1100000057532852,2024-07-12T14:26:20
TARSONS,INE144Z01023,2024-07-12,NSE,EQ,EQ,buy,false,1.000000,498.399994,610347989,1300000051808840,2024-07-12T14:26:20
BECTORFOOD,INE495P01012,2024-07-12,NSE,EQ,EQ,buy,false,3.000000,1412.300049,5699513,1000000034726704,2024-07-12T14:26:20
TARSONS,INE144Z01023,2024-07-12,NSE,EQ,EQ,buy,false,2.000000,498.399994,610347988,1300000051808840,2024-07-12T14:26:20
KTKBANK,INE614B01018,2024-07-12,NSE,EQ,EQ,buy,false,9.000000,218.210007,408642990,1200000050118395,2024-07-12T14:26:20
TARSONS,INE144Z01023,2024-07-12,NSE,EQ,EQ,buy,false,5.000000,498.200012,610347981,1300000051808840,2024-07-12T14:26:20
TARSONS,INE144Z01023,2024-07-12,NSE,EQ,EQ,buy,false,1.000000,498.399994,610347991,1300000051808840,2024-07-12T14:26:20
KTKBANK,INE614B01018,2024-07-12,NSE,EQ,EQ,buy,false,15.000000,218.210007,408642991,1200000050118395,2024-07-12T14:26:20
TARSONS,INE144Z01023,2024-07-12,NSE,EQ,EQ,buy,false,2.000000,498.200012,610347982,1300000051808840,2024-07-12T14:26:20
EXIDEIND,INE302A01020,2024-07-12,NSE,EQ,EQ,buy,false,8.000000,559.799988,211698615,1100000057532845,2024-07-12T14:26:20
EXIDEIND,INE302A01020,2024-07-12,NSE,EQ,EQ,buy,false,7.000000,559.799988,211698616,1100000057532845,2024-07-12T14:26:20
SWSOLAR,INE00M201021,2024-07-12,NSE,EQ,EQ,buy,false,14.000000,692.299988,610347980,1300000051808838,2024-07-12T14:26:20
EXIDEIND,INE302A01020,2024-07-12,NSE,EQ,EQ,buy,false,5.000000,559.799988,211698617,1100000057532845,2024-07-12T14:26:20
TARSONS,INE144Z01023,2024-07-12,NSE,EQ,EQ,buy,false,3.000000,498.350006,610347983,1300000051808840,2024-07-12T14:26:20
TARSONS,INE144Z01023,2024-07-12,NSE,EQ,EQ,buy,false,1.000000,498.399994,610347987,1300000051808840,2024-07-12T14:26:20
BANDHANBNK,INE545U01014,2024-07-12,NSE,EQ,EQ,buy,false,50.000000,192.759995,5699515,1000000034726723,2024-07-12T14:26:20
BECTORFOOD,INE495P01012,2024-07-12,NSE,EQ,EQ,buy,false,4.000000,1412.349976,5699514,1000000034726704,2024-07-12T14:26:20
TARSONS,INE144Z01023,2024-07-12,NSE,EQ,EQ,buy,false,1.000000,498.399994,610347990,1300000051808840,2024-07-12T14:26:20
TARSONS,INE144Z01023,2024-07-12,NSE,EQ,EQ,buy,false,2.000000,498.399994,610347985,1300000051808840,2024-07-12T14:26:20
KTKBANK,INE614B01018,2024-07-12,NSE,EQ,EQ,buy,false,6.000000,218.210007,408642992,1200000050118395,2024-07-12T14:26:20
TARSONS,INE144Z01023,2024-07-12,NSE,EQ,EQ,buy,false,1.000000,498.399994,610347984,1300000051808840,2024-07-12T14:26:20
IDFCFIRSTB,INE092T01019,2024-07-12,NSE,EQ,EQ,buy,false,130.000000,78.459999,211698667,1100000057532881,2024-07-12T14:26:20
EQUITASBNK,INE063P01018,2024-07-12,NSE,EQ,EQ,buy,false,32.000000,91.480003,211698619,1100000057532852,2024-07-12T14:26:20
KTKBANK,INE614B01018,2024-07-12,NSE,EQ,EQ,buy,false,15.000000,218.210007,408642993,1200000050118395,2024-07-12T14:26:20
TARSONS,INE144Z01023,2024-07-12,NSE,EQ,EQ,buy,false,1.000000,498.399994,610347986,1300000051808840,2024-07-12T14:26:20
PNB,INE160A01022,2024-07-12,NSE,EQ,EQ,buy,false,85.000000,118.400002,408669079,1200000050276696,2024-07-12T14:27:29
APLAPOLLO,INE702C01027,2024-07-19,NSE,EQ,EQ,buy,false,1.000000,1504.900024,1950796,1000000010804251,2024-07-19T10:00:25
JINDALSTEL,INE749A01030,2024-07-19,NSE,EQ,EQ,buy,false,3.000000,969.250000,402743027,1200000014176301,2024-07-19T10:00:25
HINDALCO,INE038A01020,2024-07-19,NSE,EQ,EQ,buy,false,7.000000,674.299988,203155781,1100000015315513,2024-07-19T10:00:25
JSWSTEEL,INE019A01038,2024-07-19,NSE,EQ,EQ,buy,false,5.000000,915.500000,402743028,1200000014176333,2024-07-19T10:00:25
APLAPOLLO,INE702C01027,2024-07-19,NSE,EQ,EQ,buy,false,1.000000,1504.900024,1950797,1000000010804251,2024-07-19T10:00:25
JINDALSTEL,INE749A01030,2024-07-19,NSE,EQ,EQ,buy,false,4.000000,969.250000,402743026,1200000014176301,2024-07-19T10:00:25
APLAPOLLO,INE702C01027,2024-07-19,NSE,EQ,EQ,buy,false,1.000000,1504.900024,1950795,1000000010804251,2024-07-19T10:00:25
SAIL,INE114A01011,2024-07-19,NSE,EQ,EQ,buy,false,16.000000,144.960007,603082325,1300000013669475,2024-07-19T10:00:25
NATIONALUM,INE139A01034,2024-07-19,NSE,EQ,EQ,buy,false,12.000000,186.309998,402743029,1200000014176339,2024-07-19T10:00:25
RATNAMANI,INE703B01027,2024-07-19,NSE,EQ,EQ,buy,false,1.000000,3479.350098,603082329,1300000013669532,2024-07-19T10:00:25
NMDC,INE584A01023,2024-07-19,NSE,EQ,EQ,buy,false,14.000000,233.850006,402743039,1200000014176374,2024-07-19T10:00:25
MOIL,INE490G01020,2024-07-19,NSE,EQ,EQ,buy,false,7.000000,500.399994,402743030,1200000014176342,2024-07-19T10:00:25
TATASTEEL,INE081A01020,2024-07-19,NSE,EQ,EQ,buy,false,27.000000,162.639999,603082326,1300000013669494,2024-07-19T10:00:25
NCC,INE868B01028,2024-07-19,NSE,EQ,EQ,buy,false,1.000000,312.950012,409548365,1200000057793323,2024-07-19T14:21:00
IRBINVIT,INE183W23014,2024-07-19,NSE,EQ,IV,buy,false,18.000000,66.970001,210032144,1100000058588142,2024-07-19T14:21:00
INDIGRID,INE219X23014,2024-07-19,NSE,EQ,IV,buy,false,6.000000,139.500000,210032143,1100000058588140,2024-07-19T14:21:00
JKCEMENT,INE823G01014,2024-07-19,NSE,EQ,EQ,buy,false,1.000000,4276.000000,409548367,1200000057793342,2024-07-19T14:21:00
KEI,INE878B01027,2024-07-19,NSE,EQ,EQ,buy,false,1.000000,4035.000000,409548363,1200000057793320,2024-07-19T14:21:00
SIEMENS,INE003A01024,2024-07-19,NSE,EQ,EQ,buy,false,1.000000,6897.850098,610183665,1300000055017110,2024-07-19T14:21:00
DALBHARAT,INE00R701025,2024-07-19,NSE,EQ,EQ,buy,false,1.000000,1840.900024,210032139,1100000058588128,2024-07-19T14:21:00
POLYCAB,INE455K01017,2024-07-19,NSE,EQ,EQ,buy,false,1.000000,6276.000000,409548360,1200000057793313,2024-07-19T14:21:00
NTPC,INE733E01010,2024-07-19,NSE,EQ,EQ,buy,false,2.000000,368.450012,409548366,1200000057793329,2024-07-19T14:21:00
BPCL,INE029A01011,2024-07-19,NSE,EQ,EQ,buy,false,14.000000,306.500000,6932005,1000000043689020,2024-07-19T14:21:53
COALINDIA,INE522F01014,2024-07-19,NSE,EQ,EQ,buy,false,10.000000,489.200012,6932019,1000000043689129,2024-07-19T14:21:53
GAIL,INE129A01019,2024-07-19,NSE,EQ,EQ,buy,false,12.000000,221.850006,210054482,1100000058726628,2024-07-19T14:21:53
POWERGRID,INE752E01010,2024-07-19,NSE,EQ,EQ,buy,false,10.000000,334.450012,409569844,1200000057932322,2024-07-19T14:21:53
RELIANCE,INE002A01018,2024-07-19,NSE,EQ,EQ,buy,false,1.000000,3119.000000,610205739,1300000055145042,2024-07-19T14:21:53
NHPC,INE848E01016,2024-07-19,NSE,EQ,EQ,buy,false,22.000000,106.290001,409569833,1200000057932314,2024-07-19T14:21:53
SJVN,INE002L01015,2024-07-19,NSE,EQ,EQ,buy,false,2.000000,142.369995,610205740,1300000055145048,2024-07-19T14:21:53
SJVN,INE002L01015,2024-07-19,NSE,EQ,EQ,buy,false,8.000000,142.369995,610205741,1300000055145048,2024-07-19T14:21:53
OIL,INE274J01014,2024-07-19,NSE,EQ,EQ,buy,false,3.000000,570.150024,409569832,1200000057932301,2024-07-19T14:21:53
TATAPOWER,INE245A01021,2024-07-19,NSE,EQ,EQ,buy,false,15.000000,417.600006,610205743,1300000055145053,2024-07-19T14:21:53
NTPC,INE733E01010,2024-07-19,NSE,EQ,EQ,buy,false,8.000000,368.049988,409569829,1200000057932283,2024-07-19T14:21:53
TORNTPOWER,INE813H01021,2024-07-19,NSE,EQ,EQ,buy,false,3.000000,1518.800049,610205736,1300000055145026,2024-07-19T14:21:53
TORNTPOWER,INE813H01021,2024-07-19,NSE,EQ,EQ,buy,false,1.000000,1518.750000,610205735,1300000055145026,2024-07-19T14:21:53
NESTLEIND,INE239A01024,2024-07-26,NSE,EQ,EQ,buy,false,3.000000,2464.600098,401313727,1200000006775384,2024-07-26T09:34:01
NESTLEIND,INE239A01024,2024-07-26,NSE,EQ,EQ,buy,false,1.000000,2464.600098,401313728,1200000006775384,2024-07-26T09:34:01
RUSHIL,INE573K01017,2024-08-02,NSE,EQ,EQ,buy,false,30.000000,364.000000,602057865,1300000008290968,2024-08-02T09:37:08
AAVAS,INE216P01012,2024-08-02,NSE,EQ,EQ,buy,false,10.000000,1683.400024,1268659,1000000006774648,2024-08-02T09:37:08
NUVAMA,INE531F01015,2024-08-02,NSE,EQ,EQ,buy,false,1.000000,6528.200195,401465261,1200000007591112,2024-08-02T09:37:08
UJJIVANSFB,INE551W01018,2024-08-02,NSE,EQ,EQ,buy,false,200.000000,44.520000,602057866,1300000008290971,2024-08-02T09:37:08
AUBANK,INE949L01017,2024-08-02,NSE,EQ,EQ,buy,false,15.000000,639.500000,1268662,1000000006774685,2024-08-02T09:37:08
GREENPANEL,INE08ZM01014,2024-08-02,NSE,EQ,EQ,buy,false,30.000000,364.799988,201669642,1100000008368825,2024-08-02T09:37:08
SURYODAY,INE428Q01011,2024-08-02,NSE,EQ,EQ,buy,false,30.000000,197.779999,602800919,1300000011520778,2024-08-02T09:49:44
SURYODAY,INE428Q01011,2024-08-02,NSE,EQ,EQ,buy,false,20.000000,197.779999,602800920,1300000011520778,2024-08-02T09:49:44
CAMS,INE596I01012,2024-08-02,NSE,EQ,EQ,sell,false,9.000000,4386.649902,1880705,1000000010252037,2024-08-02T09:51:41
VAIBHAVGBL,INE884A01027,2024-08-02,NSE,EQ,EQ,buy,false,20.000000,329.750000,602906046,1300000012020050,2024-08-02T09:51:43
VAIBHAVGBL,INE884A01027,2024-08-02,NSE,EQ,EQ,buy,false,12.000000,329.750000,602906045,1300000012020050,2024-08-02T09:51:43
HCLTECH,INE860A01027,2024-08-02,NSE,EQ,EQ,buy,false,6.000000,1607.199951,211221212,1100000060350249,2024-08-02T15:24:58
MPHASIS,INE356A01018,2024-08-02,NSE,EQ,EQ,buy,false,2.000000,2771.649902,410705965,1200000059754528,2024-08-02T15:24:58
TCS,INE467B01029,2024-08-02,NSE,EQ,EQ,buy,false,4.000000,4285.200195,612652163,1300000061929250,2024-08-02T15:24:58
COFORGE,INE591G01017,2024-08-02,NSE,EQ,EQ,buy,false,1.000000,6080.149902,8521392,1000000049397791,2024-08-02T15:24:58
LTIM,INE214T01019,2024-08-02,NSE,EQ,EQ,buy,false,2.000000,5497.250000,410705968,1200000059754532,2024-08-02T15:24:58
HDFCMOMENT,INF179KC1HV6,2024-08-05,NSE,EQ,EQ,buy,false,600.000000,35.099998,201897926,1100000006952860,2024-08-05T09:28:17
CPSEETF,INF457M01133,2024-08-05,NSE,EQ,EQ,buy,false,1.000000,100.510002,1527818,1000000005855124,2024-08-05T09:29:00
CPSEETF,INF457M01133,2024-08-05,NSE,EQ,EQ,buy,false,3.000000,100.510002,1527773,1000000005855124,2024-08-05T09:29:00
CPSEETF,INF457M01133,2024-08-05,NSE,EQ,EQ,buy,false,112.000000,100.510002,1527433,1000000005855124,2024-08-05T09:29:00
CPSEETF,INF457M01133,2024-08-05,NSE,EQ,EQ,buy,false,41.000000,100.510002,1530008,1000000005855124,2024-08-05T09:29:00
CPSEETF,INF457M01133,2024-08-05,NSE,EQ,EQ,buy,false,43.000000,100.510002,1528223,1000000005855124,2024-08-05T09:29:00
SILVERBEES,INF204KC1402,2024-08-05,NSE,EQ,EQ,buy,false,250.000000,81.129997,401907935,1200000007306958,2024-08-05T09:29:33
COALINDIA,INE522F01014,2024-08-05,NSE,EQ,EQ,buy,false,6.000000,513.250000,2806622,1000000012254783,2024-08-05T09:52:00
GAIL,INE129A01019,2024-08-05,NSE,EQ,EQ,buy,false,8.000000,229.740005,203797601,1100000015275096,2024-08-05T09:52:00
GAIL,INE129A01019,2024-08-05,NSE,EQ,EQ,buy,false,5.000000,229.710007,203797600,1100000015275096,2024-08-05T09:52:00
BPCL,INE029A01011,2024-08-05,NSE,EQ,EQ,buy,false,5.000000,345.049988,2806647,1000000012254803,2024-08-05T09:52:00
RELIANCE,INE002A01018,2024-08-05,NSE,EQ,EQ,buy,false,3.000000,2921.250000,604071293,1300000014590058,2024-08-05T09:52:00
OIL,INE274J01014,2024-08-05,NSE,EQ,EQ,buy,false,6.000000,592.750000,403544763,1200000014997461,2024-08-05T09:52:00
NTPC,INE733E01010,2024-08-05,NSE,EQ,EQ,buy,false,5.000000,412.549988,403544769,1200000014997508,2024-08-05T09:52:00
POWERGRID,INE752E01010,2024-08-05,NSE,EQ,EQ,buy,false,11.000000,348.250000,403544770,1200000014997512,2024-08-05T09:52:00
ONGC,INE213A01029,2024-08-05,NSE,EQ,EQ,buy,false,14.000000,320.700012,403544771,1200000014997513,2024-08-05T09:52:00
NHPC,INE848E01016,2024-08-05,NSE,EQ,EQ,buy,false,38.000000,100.809998,403544762,1200000014997455,2024-08-05T09:52:00
SJVN,INE002L01015,2024-08-05,NSE,EQ,EQ,buy,false,17.000000,142.190002,604071304,1300000014590126,2024-08-05T09:52:00
TATAPOWER,INE245A01021,2024-08-05,NSE,EQ,EQ,buy,false,7.000000,447.250000,604071305,1300000014590145,2024-08-05T09:52:00
GEOJITFSL,INE007B01023,2024-08-05,NSE,EQ,EQ,buy,false,10.000000,104.129997,214682807,1100000074952379,2024-08-05T14:50:54
MAXHEALTH,INE027H01010,2024-08-05,NSE,EQ,EQ,buy,false,6.000000,865.450012,414514147,1200000076328718,2024-08-05T14:50:54
MAXHEALTH,INE027H01010,2024-08-05,NSE,EQ,EQ,buy,false,1.000000,865.450012,414514146,1200000076328718,2024-08-05T14:50:54
MAXHEALTH,INE027H01010,2024-08-05,NSE,EQ,EQ,buy,false,2.000000,865.450012,414514145,1200000076328718,2024-08-05T14:50:54
MAXHEALTH,INE027H01010,2024-08-05,NSE,EQ,EQ,buy,false,1.000000,865.450012,414514144,1200000076328718,2024-08-05T14:50:54
MAXHEALTH,INE027H01010,2024-08-05,NSE,EQ,EQ,buy,false,2.000000,865.450012,414514143,1200000076328718,2024-08-05T14:50:54
CAMPUS,INE278Y01022,2024-08-05,NSE,EQ,EQ,buy,false,10.000000,296.000000,11037766,1000000063061730,2024-08-05T14:50:54
NUVAMA,INE531F01015,2024-08-05,NSE,EQ,EQ,buy,false,1.000000,6011.149902,414514138,1200000076328690,2024-08-05T14:50:54
CAMPUS,INE278Y01022,2024-08-05,NSE,EQ,EQ,buy,false,20.000000,296.000000,11037767,1000000063061730,2024-08-05T14:50:54
GEOJITFSL,INE007B01023,2024-08-05,NSE,EQ,EQ,buy,false,90.000000,104.129997,214682806,1100000074952379,2024-08-05T14:50:54
JPPOWER,INE351F01018,2024-08-05,NSE,EQ,EQ,buy,false,500.000000,18.799999,414514141,1200000076328709,2024-08-05T14:50:54
WHIRLPOOL,INE716A01013,2024-08-05,NSE,EQ,EQ,buy,false,7.000000,2030.050049,615524208,1300000070929323,2024-08-05T14:53:07
WHIRLPOOL,INE716A01013,2024-08-05,NSE,EQ,EQ,buy,false,1.000000,2030.250000,615524209,1300000070929323,2024-08-05T14:53:07
ESAFSFB,INE818W01011,2024-08-05,NSE,EQ,EQ,buy,false,63.000000,49.849998,215579270,1100000078664590,2024-08-05T15:11:40
ESAFSFB,INE818W01011,2024-08-05,NSE,EQ,EQ,buy,false,99.000000,49.849998,215579268,1100000078664590,2024-08-05T15:11:40
ESAFSFB,INE818W01011,2024-08-05,NSE,EQ,EQ,buy,false,3.000000,49.849998,215579267,1100000078664590,2024-08-05T15:11:40
ESAFSFB,INE818W01011,2024-08-05,NSE,EQ,EQ,buy,false,35.000000,49.849998,215579269,1100000078664590,2024-08-05T15:11:40
MON100,INF247L01AP3,2024-08-07,NSE,EQ,EQ,buy,false,130.000000,149.059998,405133288,1200000030809798,2024-08-07T11:39:45
RELIANCE,INE002A01018,2024-08-13,NSE,EQ,EQ,buy,false,2.000000,2924.000000,611517812,1300000053372711,2024-08-13T15:26:08
COALINDIA,INE522F01014,2024-08-13,NSE,EQ,EQ,buy,false,5.000000,521.000000,8064043,1000000048828101,2024-08-13T15:26:08
NHPC,INE848E01016,2024-08-13,NSE,EQ,EQ,buy,false,33.000000,94.830002,411499511,1200000061346114,2024-08-13T15:26:08
NTPC,INE733E01010,2024-08-13,NSE,EQ,EQ,buy,false,10.000000,395.450012,411499516,1200000061346118,2024-08-13T15:26:08
POWERGRID,INE752E01010,2024-08-13,NSE,EQ,EQ,buy,false,11.000000,336.549988,411499510,1200000061346113,2024-08-13T15:26:08
BPCL,INE029A01011,2024-08-13,NSE,EQ,EQ,buy,false,14.000000,321.450012,8064042,1000000048828100,2024-08-13T15:26:08
SJVN,INE002L01015,2024-08-13,NSE,EQ,EQ,buy,false,15.000000,137.000000,611517803,1300000053372698,2024-08-13T15:26:08
TORNTPOWER,INE813H01021,2024-08-13,NSE,EQ,EQ,buy,false,3.000000,1708.849976,611517806,1300000053372701,2024-08-13T15:26:08
GAIL,INE129A01019,2024-08-13,NSE,EQ,EQ,buy,false,11.000000,227.199997,211380951,1100000061543670,2024-08-13T15:26:08
TATAPOWER,INE245A01021,2024-08-13,NSE,EQ,EQ,buy,false,12.000000,407.649994,611517805,1300000053372700,2024-08-13T15:26:08
ONGC,INE213A01029,2024-08-13,NSE,EQ,EQ,buy,false,5.000000,335.200012,411499515,1200000061346116,2024-08-13T15:26:08
UJJIVANSFB,INE551W01018,2024-08-19,NSE,EQ,EQ,buy,false,250.000000,41.400002,607975902,1300000039691362,2024-08-19T14:16:16
EQUITASBNK,INE063P01018,2024-08-19,NSE,EQ,EQ,buy,false,130.000000,81.230003,208561748,1100000048455504,2024-08-19T15:00:05
IEX,INE022Q01020,2024-08-20,NSE,EQ,EQ,sell,false,190.000000,195.699997,200823075,1100000004248958,2024-08-20T09:26:50
ZOMATO,INE758T01015,2024-08-20,NSE,EQ,EQ,sell,false,204.000000,259.529999,601685062,1300000007579213,2024-08-20T09:42:08
ZOMATO,INE758T01015,2024-08-20,NSE,EQ,EQ,sell,false,96.000000,259.540009,601685061,1300000007579213,2024-08-20T09:42:08
JPPOWER,INE351F01018,2024-08-20,NSE,EQ,EQ,buy,false,100.000000,18.059999,403336517,1200000015300719,2024-08-20T10:15:46
PVRINOX,INE191H01014,2024-08-20,NSE,EQ,EQ,buy,false,8.000000,1503.500000,403336514,1200000015300708,2024-08-20T10:15:46
JPPOWER,INE351F01018,2024-08-20,NSE,EQ,EQ,buy,false,2.000000,18.059999,403336519,1200000015300719,2024-08-20T10:15:46
AUBANK,INE949L01017,2024-08-20,NSE,EQ,EQ,buy,false,15.000000,619.700012,2029665,1000000011290839,2024-08-20T10:15:46
JPPOWER,INE351F01018,2024-08-20,NSE,EQ,EQ,buy,false,120.000000,18.049999,403336515,1200000015300719,2024-08-20T10:15:46
JPPOWER,INE351F01018,2024-08-20,NSE,EQ,EQ,buy,false,34.000000,18.049999,403336516,1200000015300719,2024-08-20T10:15:46
KTKBANK,INE614B01018,2024-08-20,NSE,EQ,EQ,buy,false,45.000000,220.289993,403336523,1200000015300730,2024-08-20T10:15:46
JKPAPER,INE789E01012,2024-08-20,NSE,EQ,EQ,buy,false,2.000000,476.350006,403336512,1200000015300698,2024-08-20T10:15:46
JPPOWER,INE351F01018,2024-08-20,NSE,EQ,EQ,buy,false,287.000000,18.059999,403336520,1200000015300719,2024-08-20T10:15:46
JPPOWER,INE351F01018,2024-08-20,NSE,EQ,EQ,buy,false,7.000000,18.059999,403336518,1200000015300719,2024-08-20T10:15:46
JKPAPER,INE789E01012,2024-08-20,NSE,EQ,EQ,buy,false,18.000000,476.350006,403336513,1200000015300698,2024-08-20T10:15:46
ASTRAL,INE006I01046,2024-08-20,NSE,EQ,EQ,buy,false,6.000000,1895.000000,2050019,1000000011400297,2024-08-20T10:16:32
UTKARSHBNK,INE735W01017,2024-08-26,NSE,EQ,EQ,buy,false,80.000000,49.990002,604482185,1300000021983628,2024-08-26T11:42:41
EQUITASBNK,INE063P01018,2024-08-26,NSE,EQ,EQ,buy,false,120.000000,82.510002,205049874,1100000025656837,2024-08-26T11:42:41
AARTIIND,INE769A01020,2024-08-26,NSE,EQ,EQ,buy,false,16.000000,623.900024,3754031,1000000020758922,2024-08-26T11:42:41
BANDHANBNK,INE545U01014,2024-08-26,NSE,EQ,EQ,buy,false,100.000000,200.389999,3754032,1000000020758928,2024-08-26T11:42:41
UTKARSHBNK,INE735W01017,2024-08-26,NSE,EQ,EQ,buy,false,1.000000,49.990002,604482186,1300000021983628,2024-08-26T11:42:41
UTKARSHBNK,INE735W01017,2024-08-26,NSE,EQ,EQ,buy,false,119.000000,49.990002,604482187,1300000021983628,2024-08-26T11:42:41
IRCTC,INE335Y01020,2024-09-02,NSE,EQ,EQ,buy,false,11.000000,930.000000,203345260,1100000017342126,2024-09-02T10:20:29
SILVERBEES,INF204KC1402,2024-09-04,NSE,EQ,EQ,buy,false,250.000000,79.699997,402934975,1200000014557210,2024-09-04T10:06:33
ISEC,INE763G01038,2024-09-04,NSE,EQ,EQ,sell,false,11.000000,834.200012,202484464,1100000013397616,2024-09-04T10:09:33
CASTROLIND,INE172A01027,2024-09-04,NSE,EQ,EQ,sell,false,25.000000,276.799988,2098852,1000000011868181,2024-09-04T10:09:33
CASTROLIND,INE172A01027,2024-09-04,NSE,EQ,EQ,sell,false,3.000000,276.799988,2098853,1000000011868181,2024-09-04T10:09:33
CASTROLIND,INE172A01027,2024-09-04,NSE,EQ,EQ,sell,false,4.000000,276.799988,2098854,1000000011868181,2024-09-04T10:09:33
LTFOODS,INE818H01020,2024-09-04,NSE,EQ,EQ,sell,false,14.000000,394.850006,202484463,1100000013397610,2024-09-04T10:09:33
CASTROLIND,INE172A01027,2024-09-04,NSE,EQ,EQ,sell,false,1.000000,276.799988,2098851,1000000011868181,2024-09-04T10:09:33
ARE&M,INE885A01032,2024-09-04,NSE,EQ,EQ,sell,false,1.000000,1512.000000,2098849,1000000011868166,2024-09-04T10:09:33
CASTROLIND,INE172A01027,2024-09-04,NSE,EQ,EQ,sell,false,3.000000,276.750000,2098855,1000000011868181,2024-09-04T10:09:33
TIMETECHNO,INE508G01029,2024-09-04,NSE,EQ,EQ,sell,false,4.000000,405.149994,602284869,1300000011288145,2024-09-04T10:09:33
COALINDIA,INE522F01014,2024-09-04,NSE,EQ,EQ,buy,false,3.000000,502.450012,2099604,1000000011872622,2024-09-04T10:09:35
HGINFRA,INE926X01010,2024-09-04,NSE,EQ,EQ,buy,false,1.000000,1554.000000,202485283,1100000013402885,2024-09-04T10:09:35
JKTYRE,INE573A01042,2024-09-04,NSE,EQ,EQ,buy,false,25.000000,420.149994,403046691,1200000015151465,2024-09-04T10:09:35
UTIAMC,INE094J01016,2024-09-04,NSE,EQ,EQ,buy,false,9.000000,1204.000000,602285557,1300000011291901,2024-09-04T10:09:35
NMDC,INE584A01023,2024-09-04,NSE,EQ,EQ,buy,false,16.000000,213.509995,403046700,1200000015151511,2024-09-04T10:09:35
LAURUSLABS,INE947Q01028,2024-09-10,NSE,EQ,EQ,sell,false,25.000000,512.400024,403520904,1200000018828856,2024-09-10T10:33:56
NSLNISP,INE0NNS01018,2024-09-10,NSE,EQ,EQ,sell,false,1.000000,52.910000,405397370,1200000029614776,2024-09-10T11:54:06
NSLNISP,INE0NNS01018,2024-09-10,NSE,EQ,EQ,sell,false,15.000000,52.919998,405397369,1200000029614776,2024-09-10T11:54:06
LTIM,INE214T01019,2024-09-10,BSE,EQ,A,sell,false,8.000000,6322.250000,4240400,1725947153269549059,2024-09-10T11:56:44
LTIM,INE214T01019,2024-09-10,BSE,EQ,A,sell,false,1.000000,6322.299805,4240200,1725947153269549059,2024-09-10T11:56:44
EQUITASBNK,INE063P01018,2024-09-10,NSE,EQ,EQ,buy,false,130.000000,81.820000,209914795,1100000051411359,2024-09-10T15:21:00
KTKBANK,INE614B01018,2024-09-10,NSE,EQ,EQ,buy,false,5.000000,220.949997,410824115,1200000057815242,2024-09-10T15:21:00
KTKBANK,INE614B01018,2024-09-10,NSE,EQ,EQ,buy,false,6.000000,220.949997,410824116,1200000057815242,2024-09-10T15:21:00
KTKBANK,INE614B01018,2024-09-10,NSE,EQ,EQ,buy,false,34.000000,220.949997,410824117,1200000057815242,2024-09-10T15:21:00
UJJIVANSFB,INE551W01018,2024-09-10,NSE,EQ,EQ,buy,false,250.000000,42.590000,609932779,1300000049814748,2024-09-10T15:21:00
IDFCFIRSTB,INE092T01019,2024-09-10,NSE,EQ,EQ,buy,false,270.000000,72.620003,210027328,1100000051748349,2024-09-10T15:23:47
NESTLEIND,INE239A01024,2024-09-12,NSE,EQ,EQ,buy,false,3.000000,2506.050049,404432439,1200000028904999,2024-09-12T11:39:38
NESTLEIND,INE239A01024,2024-09-12,NSE,EQ,EQ,buy,false,3.000000,2506.050049,404432440,1200000028904999,2024-09-12T11:39:38
IRBINVIT,INE183W23014,2024-09-13,NSE,EQ,IV,sell,false,17.000000,62.570000,200533462,1100000002877967,2024-09-13T09:21:55
DALBHARAT,INE00R701025,2024-09-13,NSE,EQ,EQ,sell,false,8.000000,1889.650024,200533475,1100000002878031,2024-09-13T09:21:55
JKCEMENT,INE823G01014,2024-09-13,NSE,EQ,EQ,sell,false,3.000000,4701.600098,400573816,1200000003095670,2024-09-13T09:21:55
SIEMENS,INE003A01024,2024-09-13,NSE,EQ,EQ,sell,false,1.000000,6690.350098,600644198,1300000003070785,2024-09-13T09:21:55
IRBINVIT,INE183W23014,2024-09-13,NSE,EQ,IV,sell,false,152.000000,62.560001,200533463,1100000002877967,2024-09-13T09:21:55
LT,INE018A01030,2024-09-13,NSE,EQ,EQ,buy,false,1.000000,3623.149902,400575831,1200000003108147,2024-09-13T09:21:57
ULTRACEMCO,INE481G01011,2024-09-13,NSE,EQ,EQ,buy,false,3.000000,11660.099609,600646612,1300000003082643,2024-09-13T09:21:57
TITAGARH,INE615H01020,2024-09-13,NSE,EQ,EQ,buy,false,3.000000,1374.550049,600646613,1300000003082654,2024-09-13T09:21:57
ADANIPORTS,INE742F01042,2024-09-13,NSE,EQ,EQ,buy,false,3.000000,1464.400024,403619,1000000002369692,2024-09-13T09:21:57
PNCINFRA,INE195J01029,2024-09-13,NSE,EQ,EQ,buy,false,9.000000,460.000000,400575834,1200000003108181,2024-09-13T09:21:57
POWERGRID,INE752E01010,2024-09-13,NSE,EQ,EQ,sell,false,5.000000,338.350006,400640148,1200000003481280,2024-09-13T09:22:59
NTPC,INE733E01010,2024-09-13,NSE,EQ,EQ,sell,false,6.000000,404.350006,400640153,1200000003481377,2024-09-13T09:22:59
NHPC,INE848E01016,2024-09-13,NSE,EQ,EQ,sell,false,19.000000,96.150002,400640152,1200000003481323,2024-09-13T09:22:59
TATAPOWER,INE245A01021,2024-09-13,NSE,EQ,EQ,sell,false,12.000000,446.000000,600720516,1300000003461834,2024-09-13T09:22:59
TORNTPOWER,INE813H01021,2024-09-13,NSE,EQ,EQ,sell,false,2.000000,1732.000000,600720519,1300000003461847,2024-09-13T09:22:59
OIL,INE274J01014,2024-09-13,NSE,EQ,EQ,sell,false,2.000000,579.049988,400640170,1200000003481553,2024-09-13T09:22:59
BPCL,INE029A01011,2024-09-13,NSE,EQ,EQ,sell,false,13.000000,345.149994,448944,1000000002648180,2024-09-13T09:22:59
COALINDIA,INE522F01014,2024-09-13,NSE,EQ,EQ,sell,false,4.000000,494.549988,448954,1000000002648212,2024-09-13T09:22:59
ONGC,INE213A01029,2024-09-13,NSE,EQ,EQ,sell,false,2.000000,292.899994,400640149,1200000003481287,2024-09-13T09:22:59
RELIANCE,INE002A01018,2024-09-13,NSE,EQ,EQ,sell,false,1.000000,2954.250000,600720523,1300000003461870,2024-09-13T09:22:59
GAIL,INE129A01019,2024-09-13,NSE,EQ,EQ,sell,false,9.000000,221.250000,200591676,1100000003223759,2024-09-13T09:22:59
IEX,INE022Q01020,2024-09-13,NSE,EQ,EQ,buy,false,122.000000,217.990005,200593613,1100000003235827,2024-09-13T09:23:01
JSWSTEEL,INE019A01038,2024-09-13,NSE,EQ,EQ,sell,false,5.000000,964.349976,400726370,1200000003994516,2024-09-13T09:24:25
JINDALSTEL,INE749A01030,2024-09-13,NSE,EQ,EQ,sell,false,3.000000,1023.650024,400726368,1200000003994477,2024-09-13T09:24:25
RATNAMANI,INE703B01027,2024-09-13,NSE,EQ,EQ,sell,false,1.000000,3894.350098,600814077,1300000003940972,2024-09-13T09:24:25
RATNAMANI,INE703B01027,2024-09-13,NSE,EQ,EQ,sell,false,1.000000,3893.500000,600814078,1300000003940972,2024-09-13T09:24:25
HINDALCO,INE038A01020,2024-09-13,NSE,EQ,EQ,sell,false,4.000000,682.500000,200672815,1100000003676585,2024-09-13T09:24:25
SHYAMMETL,INE810G01011,2024-09-13,NSE,EQ,EQ,buy,false,21.000000,867.599976,600816348,1300000003952047,2024-09-13T09:24:27
CANBK,INE476A01022,2024-09-18,NSE,EQ,EQ,buy,false,95.000000,105.669998,1655538,1000000008083592,2024-09-18T09:43:43
TIMKEN,INE325A01013,2024-09-18,NSE,EQ,EQ,buy,false,2.000000,3740.899902,601340451,1300000007530594,2024-09-18T09:43:43
MEDPLUS,INE804L01022,2024-09-18,NSE,EQ,EQ,buy,false,4.000000,678.950012,401666285,1200000009611366,2024-09-18T09:43:43
PNB,INE160A01022,2024-09-18,NSE,EQ,EQ,buy,false,90.000000,108.580002,401666283,1200000009611355,2024-09-18T09:43:43
DATAPATTNS,INE0IX101010,2024-09-18,NSE,EQ,EQ,buy,false,1.000000,2705.000000,201306460,1100000008119409,2024-09-18T09:43:43
ANGELONE,INE732I01013,2024-09-18,NSE,EQ,EQ,buy,false,1.000000,2601.949951,1655540,1000000008083606,2024-09-18T09:43:43
DATAPATTNS,INE0IX101010,2024-09-18,NSE,EQ,EQ,buy,false,1.000000,2704.500000,201306459,1100000008119409,2024-09-18T09:43:43
DATAPATTNS,INE0IX101010,2024-09-18,NSE,EQ,EQ,buy,false,2.000000,2705.000000,201306461,1100000008119409,2024-09-18T09:43:43
ANGELONE,INE732I01013,2024-09-18,NSE,EQ,EQ,buy,false,1.000000,2601.949951,1655539,1000000008083606,2024-09-18T09:43:43
ANGELONE,INE732I01013,2024-09-18,NSE,EQ,EQ,buy,false,1.000000,2601.949951,1655541,1000000008083606,2024-09-18T09:43:43
DREAMFOLKS,INE0JS101016,2024-09-18,NSE,EQ,EQ,buy,false,20.000000,508.899994,201306479,1100000008119436,2024-09-18T09:43:43
MEDPLUS,INE804L01022,2024-09-18,NSE,EQ,EQ,buy,false,11.000000,678.950012,401666284,1200000009611366,2024-09-18T09:43:43
TIMKEN,INE325A01013,2024-09-18,NSE,EQ,EQ,buy,false,1.000000,3740.899902,601340450,1300000007530594,2024-09-18T09:43:43
IRFC,INE053F01010,2024-09-18,NSE,EQ,EQ,buy,false,27.000000,163.770004,201355871,1100000008420656,2024-09-18T09:45:06
IRFC,INE053F01010,2024-09-18,NSE,EQ,EQ,buy,false,3.000000,163.770004,201355869,1100000008420656,2024-09-18T09:45:06
IRFC,INE053F01010,2024-09-18,NSE,EQ,EQ,buy,false,30.000000,163.770004,201355870,1100000008420656,2024-09-18T09:45:06
JKPAPER,INE789E01012,2024-09-19,NSE,EQ,EQ,buy,false,20.000000,447.600006,407285288,1200000044844754,2024-09-19T12:15:19
JPPOWER,INE351F01018,2024-09-19,NSE,EQ,EQ,buy,false,1.000000,16.980000,407285290,1200000044844757,2024-09-19T12:15:19
JPPOWER,INE351F01018,2024-09-19,NSE,EQ,EQ,buy,false,1.000000,16.980000,407285291,1200000044844757,2024-09-19T12:15:19
JPPOWER,INE351F01018,2024-09-19,NSE,EQ,EQ,buy,false,1.000000,16.980000,407285289,1200000044844757,2024-09-19T12:15:19
JPPOWER,INE351F01018,2024-09-19,NSE,EQ,EQ,buy,false,597.000000,16.980000,407285292,1200000044844757,2024-09-19T12:15:19
NUVAMA,INE531F01015,2024-10-03,NSE,EQ,EQ,buy,false,2.000000,6261.950195,405677272,1200000029207115,2024-10-03T11:30:58
MON100,INF247L01AP3,2024-10-03,NSE,EQ,EQ,buy,false,80.000000,162.179993,407782857,1200000041642854,2024-10-03T12:50:49
MON100,INF247L01AP3,2024-10-03,NSE,EQ,EQ,buy,false,40.000000,162.179993,407782856,1200000041642854,2024-10-03T12:50:49
FORTIS,INE061F01013,2024-10-03,NSE,EQ,EQ,buy,false,7.000000,594.049988,209506586,1100000053455792,2024-10-03T14:26:19
APOLLOHOSP,INE437A01024,2024-10-03,NSE,EQ,EQ,buy,false,2.000000,6901.750000,7881942,1000000048564666,2024-10-03T14:26:19
FORTIS,INE061F01013,2024-10-03,NSE,EQ,EQ,buy,false,8.000000,594.099976,209506587,1100000053455792,2024-10-03T14:26:19
VGUARD,INE951I01027,2024-10-03,NSE,EQ,EQ,buy,false,3.000000,436.700012,609347959,1300000045925848,2024-10-03T14:26:19
VGUARD,INE951I01027,2024-10-03,NSE,EQ,EQ,buy,false,7.000000,436.700012,609347960,1300000045925848,2024-10-03T14:26:19
VGUARD,INE951I01027,2024-10-03,NSE,EQ,EQ,buy,false,5.000000,436.700012,609347961,1300000045925848,2024-10-03T14:26:19
VGUARD,INE951I01027,2024-10-03,NSE,EQ,EQ,buy,false,1.000000,436.700012,609347962,1300000045925848,2024-10-03T14:26:19
VGUARD,INE951I01027,2024-10-03,NSE,EQ,EQ,buy,false,6.000000,436.700012,609347963,1300000045925848,2024-10-03T14:26:19
TIMETECHNO,INE508G01029,2024-10-03,NSE,EQ,EQ,buy,false,2.000000,376.649994,609773390,1300000047937825,2024-10-03T14:40:53
JKTYRE,INE573A01042,2024-10-03,NSE,EQ,EQ,buy,false,5.000000,414.250000,411081626,1200000060121184,2024-10-03T14:40:53
CEATLTD,INE482A01020,2024-10-03,NSE,EQ,EQ,buy,false,1.000000,3085.000000,8216018,1000000050669557,2024-10-03T14:40:53
NMDC,INE584A01023,2024-10-03,NSE,EQ,EQ,buy,false,1.000000,239.729996,411081621,1200000060121143,2024-10-03T14:40:53
ARE&M,INE885A01032,2024-10-03,NSE,EQ,EQ,buy,false,3.000000,1352.349976,8216010,1000000050669533,2024-10-03T14:40:53
COALINDIA,INE522F01014,2024-10-03,NSE,EQ,EQ,buy,false,6.000000,503.049988,8216016,1000000050669552,2024-10-03T14:40:53
AVANTIFEED,INE871C01038,2024-10-03,NSE,EQ,EQ,buy,false,5.000000,611.299988,8216019,1000000050669582,2024-10-03T14:40:53
APOLLOTYRE,INE438A01022,2024-10-03,NSE,EQ,EQ,buy,false,6.000000,527.450012,8216021,1000000050669597,2024-10-03T14:40:53
APOLLOTYRE,INE438A01022,2024-10-03,NSE,EQ,EQ,buy,false,1.000000,527.400024,8216020,1000000050669597,2024-10-03T14:40:53
HGINFRA,INE926X01010,2024-10-03,NSE,EQ,EQ,buy,false,2.000000,1514.449951,209903179,1100000055839079,2024-10-03T14:40:53
JINDALSAW,INE324A01024,2024-10-03,NSE,EQ,EQ,buy,false,3.000000,708.849976,411081623,1200000060121144,2024-10-03T14:40:53
SUNTV,INE424H01027,2024-10-03,NSE,EQ,EQ,buy,false,3.000000,821.000000,609773387,1300000047937809,2024-10-03T14:40:53
NMDC,INE584A01023,2024-10-03,NSE,EQ,EQ,buy,false,5.000000,239.740005,411081622,1200000060121143,2024-10-03T14:40:53
TATAMOTORS,INE155A01022,2024-10-03,NSE,EQ,EQ,buy,false,5.000000,931.400024,609773392,1300000047937834,2024-10-03T14:40:53
JKIL,INE576I01022,2024-10-03,NSE,EQ,EQ,buy,false,1.000000,771.450012,411081631,1200000060121185,2024-10-03T14:40:53
UTIAMC,INE094J01016,2024-10-03,NSE,EQ,EQ,buy,false,1.000000,1230.349976,609773394,1300000047937844,2024-10-03T14:40:53
JKIL,INE576I01022,2024-10-03,NSE,EQ,EQ,buy,false,1.000000,771.450012,411081629,1200000060121185,2024-10-03T14:40:53
JKIL,INE576I01022,2024-10-03,NSE,EQ,EQ,buy,false,1.000000,771.450012,411081628,1200000060121185,2024-10-03T14:40:53
JKIL,INE576I01022,2024-10-03,NSE,EQ,EQ,buy,false,1.000000,771.450012,411081627,1200000060121185,2024-10-03T14:40:53
JKIL,INE576I01022,2024-10-03,NSE,EQ,EQ,buy,false,1.000000,771.450012,411081630,1200000060121185,2024-10-03T14:40:53
TIMETECHNO,INE508G01029,2024-10-03,NSE,EQ,EQ,buy,false,7.000000,376.649994,609773389,1300000047937825,2024-10-03T14:40:53
LTFOODS,INE818H01020,2024-10-03,NSE,EQ,EQ,buy,false,8.000000,392.750000,209903170,1100000055839047,2024-10-03T14:40:53
INDHOTEL,INE053A01029,2024-10-03,NSE,EQ,EQ,buy,false,2.000000,670.849976,210023357,1100000056518870,2024-10-03T14:45:28
TATAMOTORS,INE155A01022,2024-10-03,NSE,EQ,EQ,buy,false,1.000000,928.450012,609897970,1300000048487165,2024-10-03T14:45:28
TATAMOTORS,INE155A01022,2024-10-03,NSE,EQ,EQ,buy,false,1.000000,928.450012,609897971,1300000048487165,2024-10-03T14:45:28
TATACHEM,INE092A01019,2024-10-03,NSE,EQ,EQ,buy,false,2.000000,1113.550049,609897958,1300000048487138,2024-10-03T14:45:28
TATAPOWER,INE245A01021,2024-10-03,NSE,EQ,EQ,buy,false,5.000000,471.850006,609897974,1300000048487178,2024-10-03T14:45:28
TATACONSUM,INE192A01025,2024-10-03,NSE,EQ,EQ,buy,false,3.000000,1153.050049,609897973,1300000048487176,2024-10-03T14:45:28
TATASTEEL,INE081A01020,2024-10-03,NSE,EQ,EQ,buy,false,23.000000,167.289993,609897972,1300000048487166,2024-10-03T14:45:28
TATAMOTORS,INE155A01022,2024-10-03,NSE,EQ,EQ,buy,false,1.000000,928.450012,609897966,1300000048487165,2024-10-03T14:45:28
TCS,INE467B01029,2024-10-03,NSE,EQ,EQ,buy,false,1.000000,4231.950195,609897964,1300000048487155,2024-10-03T14:45:28
TITAN,INE280A01028,2024-10-03,NSE,EQ,EQ,buy,false,1.000000,3664.399902,609897965,1300000048487161,2024-10-03T14:45:28
TATAMOTORS,INE155A01022,2024-10-03,NSE,EQ,EQ,buy,false,1.000000,928.450012,609897967,1300000048487165,2024-10-03T14:45:28
TATACHEM,INE092A01019,2024-10-03,NSE,EQ,EQ,buy,false,2.000000,1113.800049,609897959,1300000048487138,2024-10-03T14:45:28
TATAMOTORS,INE155A01022,2024-10-03,NSE,EQ,EQ,buy,false,1.000000,928.450012,609897968,1300000048487165,2024-10-03T14:45:28
TATAMOTORS,INE155A01022,2024-10-03,NSE,EQ,EQ,buy,false,1.000000,928.450012,609897969,1300000048487165,2024-10-03T14:45:28
WHIRLPOOL,INE716A01013,2024-10-04,NSE,EQ,EQ,sell,false,1.000000,2349.149902,602376124,1300000010013808,2024-10-04T09:49:43
DIVISLAB,INE361B01024,2024-10-04,NSE,EQ,EQ,sell,false,5.000000,5446.600098,202238088,1100000010350232,2024-10-04T09:49:43
DIVISLAB,INE361B01024,2024-10-04,NSE,EQ,EQ,sell,false,1.000000,5446.549805,202238090,1100000010350232,2024-10-04T09:49:43
DIVISLAB,INE361B01024,2024-10-04,NSE,EQ,EQ,sell,false,6.000000,5446.700195,202238087,1100000010350232,2024-10-04T09:49:43
DIVISLAB,INE361B01024,2024-10-04,NSE,EQ,EQ,sell,false,1.000000,5446.549805,202238091,1100000010350232,2024-10-04T09:49:43
DIVISLAB,INE361B01024,2024-10-04,NSE,EQ,EQ,sell,false,1.000000,5446.549805,202238092,1100000010350232,2024-10-04T09:49:43
WHIRLPOOL,INE716A01013,2024-10-04,NSE,EQ,EQ,sell,false,8.000000,2349.100098,602376129,1300000010013808,2024-10-04T09:49:43
WHIRLPOOL,INE716A01013,2024-10-04,NSE,EQ,EQ,sell,false,1.000000,2349.149902,602376128,1300000010013808,2024-10-04T09:49:43
WHIRLPOOL,INE716A01013,2024-10-04,NSE,EQ,EQ,sell,false,1.000000,2349.149902,602376127,1300000010013808,2024-10-04T09:49:43
WHIRLPOOL,INE716A01013,2024-10-04,NSE,EQ,EQ,sell,false,1.000000,2349.149902,602376126,1300000010013808,2024-10-04T09:49:43
WHIRLPOOL,INE716A01013,2024-10-04,NSE,EQ,EQ,sell,false,1.000000,2349.149902,602376125,1300000010013808,2024-10-04T09:49:43
POLYCAB,INE455K01017,2024-10-04,NSE,EQ,EQ,sell,false,1.000000,7364.299805,402458747,1200000011121754,2024-10-04T09:49:43
DIVISLAB,INE361B01024,2024-10-04,NSE,EQ,EQ,sell,false,1.000000,5446.549805,202238089,1100000010350232,2024-10-04T09:49:43
POLYCAB,INE455K01017,2024-10-04,NSE,EQ,EQ,sell,false,4.000000,7364.149902,402458748,1200000011121754,2024-10-04T09:49:43
WHIRLPOOL,INE716A01013,2024-10-04,NSE,EQ,EQ,sell,false,1.000000,2349.149902,602376123,1300000010013808,2024-10-04T09:49:43
ASTRAL,INE006I01046,2024-10-04,NSE,EQ,EQ,buy,false,1.000000,1912.699951,2454896,1000000013110131,2024-10-04T10:09:14
ASTRAL,INE006I01046,2024-10-04,NSE,EQ,EQ,buy,false,1.000000,1912.750000,2454897,1000000013110131,2024-10-04T10:09:14
ASTRAL,INE006I01046,2024-10-04,NSE,EQ,EQ,buy,false,2.000000,1912.300049,2454895,1000000013110131,2024-10-04T10:09:14
DMART,INE192R01011,2024-10-04,NSE,EQ,EQ,buy,false,1.000000,4788.000000,202993569,1100000014685174,2024-10-04T10:09:14
VGUARD,INE951I01027,2024-10-04,NSE,EQ,EQ,buy,false,2.000000,426.600006,603097107,1300000013884458,2024-10-04T10:09:14
VGUARD,INE951I01027,2024-10-04,NSE,EQ,EQ,buy,false,2.000000,426.600006,603097106,1300000013884458,2024-10-04T10:09:14
VGUARD,INE951I01027,2024-10-04,NSE,EQ,EQ,buy,false,2.000000,426.600006,603097105,1300000013884458,2024-10-04T10:09:14
VGUARD,INE951I01027,2024-10-04,NSE,EQ,EQ,buy,false,2.000000,426.600006,603097104,1300000013884458,2024-10-04T10:09:14
VGUARD,INE951I01027,2024-10-04,NSE,EQ,EQ,buy,false,2.000000,426.600006,603097103,1300000013884458,2024-10-04T10:09:14
VGUARD,INE951I01027,2024-10-04,NSE,EQ,EQ,buy,false,2.000000,426.600006,603097102,1300000013884458,2024-10-04T10:09:14
VGUARD,INE951I01027,2024-10-04,NSE,EQ,EQ,buy,false,2.000000,426.600006,603097101,1300000013884458,2024-10-04T10:09:14
VGUARD,INE951I01027,2024-10-04,NSE,EQ,EQ,buy,false,1.000000,426.600006,603097100,1300000013884458,2024-10-04T10:09:14
VGUARD,INE951I01027,2024-10-04,NSE,EQ,EQ,buy,false,2.000000,426.600006,603097099,1300000013884458,2024-10-04T10:09:14
VGUARD,INE951I01027,2024-10-04,NSE,EQ,EQ,buy,false,1.000000,426.600006,603097109,1300000013884458,2024-10-04T10:09:14
VGUARD,INE951I01027,2024-10-04,NSE,EQ,EQ,buy,false,2.000000,426.600006,603097108,1300000013884458,2024-10-04T10:09:14
PAGEIND,INE761H01022,2024-10-04,NSE,EQ,EQ,sell,false,1.000000,42129.050781,403395384,1200000016560384,2024-10-04T10:12:35
JKPAPER,INE789E01012,2024-10-04,NSE,EQ,EQ,buy,false,20.000000,481.500000,403396403,1200000016567426,2024-10-04T10:12:37
NUVAMA,INE531F01015,2024-10-04,NSE,EQ,EQ,buy,false,2.000000,6022.649902,403396399,1200000016567364,2024-10-04T10:12:37
MAXHEALTH,INE027H01010,2024-10-04,NSE,EQ,EQ,buy,false,3.000000,933.549988,403396401,1200000016567387,2024-10-04T10:12:37
IDFCFIRSTB,INE092T01019,2024-10-04,NSE,EQ,EQ,buy,false,150.000000,72.440002,203106375,1100000015449898,2024-10-04T10:12:37
MAXHEALTH,INE027H01010,2024-10-04,NSE,EQ,EQ,buy,false,2.000000,933.549988,403396402,1200000016567387,2024-10-04T10:12:37
SUZLON,INE040H01021,2024-10-04,NSE,EQ,EQ,buy,false,500.000000,74.070000,603207313,1300000014571067,2024-10-04T10:12:37
MAXHEALTH,INE027H01010,2024-10-04,NSE,EQ,EQ,buy,false,5.000000,933.500000,403396400,1200000016567387,2024-10-04T10:12:37
HDFCMOMENT,INF179KC1HV6,2024-10-04,NSE,EQ,EQ,buy,false,213.000000,36.990002,209843710,1100000060297396,2024-10-04T15:04:37
HDFCMOMENT,INF179KC1HV6,2024-10-04,NSE,EQ,EQ,buy,false,327.000000,37.110001,209843711,1100000060297396,2024-10-04T15:04:37
MON100,INF247L01AP3,2024-10-04,NSE,EQ,EQ,buy,false,120.000000,162.350006,410779639,1200000065934503,2024-10-04T15:05:13
GEOJITFSL,INE007B01023,2024-10-07,NSE,EQ,EQ,buy,false,125.000000,138.479996,202964366,1100000014457302,2024-10-07T10:13:02
ANGELONE,INE732I01013,2024-10-07,NSE,EQ,EQ,buy,false,4.000000,2533.899902,3929694,1000000022351320,2024-10-07T11:02:33
VBL,INE200M01039,2024-10-07,NSE,EQ,EQ,buy,false,20.000000,541.200012,609995743,1300000054043892,2024-10-07T14:36:12
CRISIL,INE007A01025,2024-10-07,NSE,EQ,EQ,buy,false,2.000000,4293.899902,9765537,1000000061641762,2024-10-07T15:10:25
NESTLEIND,INE239A01024,2024-10-09,NSE,EQ,EQ,buy,false,3.000000,2559.699951,401556791,1200000007889719,2024-10-09T09:45:48
BERGEPAINT,INE463A01038,2024-10-09,NSE,EQ,EQ,sell,false,1.000000,577.200012,1847406,1000000010257406,2024-10-09T10:10:19
BERGEPAINT,INE463A01038,2024-10-09,NSE,EQ,EQ,sell,false,11.000000,577.200012,1847407,1000000010257406,2024-10-09T10:10:19
BERGEPAINT,INE463A01038,2024-10-09,NSE,EQ,EQ,sell,false,7.000000,577.250000,1847405,1000000010257406,2024-10-09T10:10:19
BERGEPAINT,INE463A01038,2024-10-09,NSE,EQ,EQ,sell,false,17.000000,577.299988,1847404,1000000010257406,2024-10-09T10:10:19
BERGEPAINT,INE463A01038,2024-10-09,NSE,EQ,EQ,sell,false,10.000000,577.299988,1847403,1000000010257406,2024-10-09T10:10:19
BERGEPAINT,INE463A01038,2024-10-09,NSE,EQ,EQ,sell,false,9.000000,577.200012,1847408,1000000010257406,2024-10-09T10:10:19
BERGEPAINT,INE463A01038,2024-10-09,NSE,EQ,EQ,sell,false,25.000000,577.299988,1847402,1000000010257406,2024-10-09T10:10:19
NESTLEIND,INE239A01024,2024-10-09,NSE,EQ,EQ,buy,false,1.000000,2478.300049,402712180,1200000013844907,2024-10-09T10:19:40
NESTLEIND,INE239A01024,2024-10-09,NSE,EQ,EQ,buy,false,15.000000,2478.300049,402712181,1200000013844907,2024-10-09T10:19:40
SILVERBEES,INF204KC1402,2024-10-09,NSE,EQ,EQ,buy,false,153.000000,86.129997,407923449,1200000045411996,2024-10-09T14:30:48
SILVERBEES,INF204KC1402,2024-10-09,NSE,EQ,EQ,buy,false,77.000000,86.120003,407923448,1200000045411996,2024-10-09T14:30:48
VINATIORGA,INE410B01037,2024-10-15,BSE,EQ,A,sell,false,5.000000,1964.000000,780800,1728963000006535574,2024-10-15T09:52:50
VINATIORGA,INE410B01037,2024-10-15,BSE,EQ,A,sell,false,4.000000,1964.050049,780600,1728963000006535574,2024-10-15T09:52:50
VINATIORGA,INE410B01037,2024-10-15,BSE,EQ,A,sell,false,6.000000,1963.349976,781000,1728963000006535574,2024-10-15T09:52:50
VBL,INE200M01039,2024-10-17,NSE,EQ,EQ,buy,false,9.000000,589.599976,607097288,1300000039345972,2024-10-17T14:27:31
VBL,INE200M01039,2024-10-17,NSE,EQ,EQ,buy,false,1.000000,589.599976,607097290,1300000039345972,2024-10-17T14:27:31
VBL,INE200M01039,2024-10-17,NSE,EQ,EQ,buy,false,5.000000,589.599976,607097289,1300000039345972,2024-10-17T14:27:31
NESTLEIND,INE239A01024,2024-10-17,NSE,EQ,EQ,buy,false,4.000000,2381.949951,407757085,1200000050712174,2024-10-17T14:27:31
NESTLEIND,INE239A01024,2024-10-17,NSE,EQ,EQ,buy,false,3.000000,2381.850098,407757084,1200000050712174,2024-10-17T14:27:31
SWSOLAR,INE00M201021,2024-10-22,NSE,EQ,EQ,buy,false,14.000000,605.599976,601380591,1300000007268871,2024-10-22T09:40:34
SWSOLAR,INE00M201021,2024-10-22,NSE,EQ,EQ,buy,false,5.000000,605.349976,601380589,1300000007268871,2024-10-22T09:40:34
BECTORFOOD,INE495P01012,2024-10-22,NSE,EQ,EQ,buy,false,1.000000,1764.599976,1178131,1000000007078336,2024-10-22T09:40:34
BECTORFOOD,INE495P01012,2024-10-22,NSE,EQ,EQ,buy,false,7.000000,1764.550049,1178130,1000000007078336,2024-10-22T09:40:34
SWSOLAR,INE00M201021,2024-10-22,NSE,EQ,EQ,buy,false,1.000000,605.500000,601380590,1300000007268871,2024-10-22T09:40:34
HDFCBANK,INE040A01034,2024-10-24,NSE,EQ,EQ,sell,false,57.000000,1759.599976,202665281,1100000016059140,2024-10-24T10:27:17
NESTLEIND,INE239A01024,2024-10-24,NSE,EQ,EQ,buy,false,8.000000,2284.000000,403128028,1200000018530009,2024-10-24T10:27:19
VBL,INE200M01039,2024-10-24,NSE,EQ,EQ,buy,false,8.000000,607.299988,602859898,1300000015939740,2024-10-24T10:27:19
VBL,INE200M01039,2024-10-24,NSE,EQ,EQ,buy,false,7.000000,607.299988,602859897,1300000015939740,2024-10-24T10:27:19
DREAMFOLKS,INE0JS101016,2024-10-24,NSE,EQ,EQ,buy,false,10.000000,440.750000,204196085,1100000026143482,2024-10-24T11:42:43
DREAMFOLKS,INE0JS101016,2024-10-24,NSE,EQ,EQ,buy,false,10.000000,440.750000,204196086,1100000026143482,2024-10-24T11:42:43
CANBK,INE476A01022,2024-10-24,NSE,EQ,EQ,buy,false,27.000000,98.980003,3468970,1000000024608487,2024-10-24T11:42:43
ANGELONE,INE732I01013,2024-10-24,NSE,EQ,EQ,buy,false,3.000000,2903.800049,3468972,1000000024608511,2024-10-24T11:42:43
CANBK,INE476A01022,2024-10-24,NSE,EQ,EQ,buy,false,8.000000,98.949997,3468969,1000000024608487,2024-10-24T11:42:43
INDIGOPNTS,INE09VQ01012,2024-10-24,NSE,EQ,EQ,sell,false,34.000000,1665.000000,204286410,1100000026788019,2024-10-24T11:47:44
NUVAMA,INE531F01015,2024-10-24,NSE,EQ,EQ,buy,false,1.000000,6938.549805,405051905,1200000031551697,2024-10-24T11:47:46
RUSHIL,INE573K01025,2024-10-24,NSE,EQ,EQ,buy,false,78.000000,32.330002,604474724,1300000026552707,2024-10-24T11:47:46
BECTORFOOD,INE495P01012,2024-10-24,NSE,EQ,EQ,buy,false,3.000000,1676.300049,3539636,1000000025267309,2024-10-24T11:47:46
EXIDEIND,INE302A01020,2024-10-24,NSE,EQ,EQ,buy,false,20.000000,468.549988,204286984,1100000026791440,2024-10-24T11:47:46
CAMPUS,INE278Y01022,2024-10-24,NSE,EQ,EQ,buy,false,25.000000,289.700012,3539643,1000000025267325,2024-10-24T11:47:46
SONATSOFTW,INE269A01021,2024-10-24,NSE,EQ,EQ,buy,false,1.000000,606.349976,604474722,1300000026552694,2024-10-24T11:47:46
NUVAMA,INE531F01015,2024-10-24,NSE,EQ,EQ,buy,false,1.000000,6938.549805,405051904,1200000031551697,2024-10-24T11:47:46
GREENPANEL,INE08ZM01014,2024-10-24,NSE,EQ,EQ,buy,false,1.000000,381.750000,204286990,1100000026791445,2024-10-24T11:47:46
CAMPUS,INE278Y01022,2024-10-24,NSE,EQ,EQ,buy,false,10.000000,289.700012,3539644,1000000025267325,2024-10-24T11:47:46
SONATSOFTW,INE269A01021,2024-10-24,NSE,EQ,EQ,buy,false,1.000000,606.349976,604474721,1300000026552694,2024-10-24T11:47:46
GREENPANEL,INE08ZM01014,2024-10-24,NSE,EQ,EQ,buy,false,1.000000,381.799988,204286998,1100000026791445,2024-10-24T11:47:46
GREENPANEL,INE08ZM01014,2024-10-24,NSE,EQ,EQ,buy,false,1.000000,381.750000,204286994,1100000026791445,2024-10-24T11:47:46
GREENPANEL,INE08ZM01014,2024-10-24,NSE,EQ,EQ,buy,false,1.000000,381.750000,204286993,1100000026791445,2024-10-24T11:47:46
GREENPANEL,INE08ZM01014,2024-10-24,NSE,EQ,EQ,buy,false,1.000000,381.750000,204286992,1100000026791445,2024-10-24T11:47:46
GREENPANEL,INE08ZM01014,2024-10-24,NSE,EQ,EQ,buy,false,1.000000,381.750000,204286991,1100000026791445,2024-10-24T11:47:46
GREENPANEL,INE08ZM01014,2024-10-24,NSE,EQ,EQ,buy,false,1.000000,381.799988,204286999,1100000026791445,2024-10-24T11:47:46
SONATSOFTW,INE269A01021,2024-10-24,NSE,EQ,EQ,buy,false,1.000000,606.349976,604474718,1300000026552694,2024-10-24T11:47:46
PVRINOX,INE191H01014,2024-10-24,NSE,EQ,EQ,buy,false,1.000000,1505.000000,405051892,1200000031551657,2024-10-24T11:47:46
BECTORFOOD,INE495P01012,2024-10-24,NSE,EQ,EQ,buy,false,1.000000,1676.349976,3539640,1000000025267309,2024-10-24T11:47:46
SONATSOFTW,INE269A01021,2024-10-24,NSE,EQ,EQ,buy,false,1.000000,606.349976,604474719,1300000026552694,2024-10-24T11:47:46
BECTORFOOD,INE495P01012,2024-10-24,NSE,EQ,EQ,buy,false,3.000000,1676.349976,3539639,1000000025267309,2024-10-24T11:47:46
BECTORFOOD,INE495P01012,2024-10-24,NSE,EQ,EQ,buy,false,1.000000,1676.349976,3539638,1000000025267309,2024-10-24T11:47:46
GREENPANEL,INE08ZM01014,2024-10-24,NSE,EQ,EQ,buy,false,1.000000,381.799988,204286997,1100000026791445,2024-10-24T11:47:46
BECTORFOOD,INE495P01012,2024-10-24,NSE,EQ,EQ,buy,false,2.000000,1676.300049,3539637,1000000025267309,2024-10-24T11:47:46
SONATSOFTW,INE269A01021,2024-10-24,NSE,EQ,EQ,buy,false,8.000000,606.349976,604474720,1300000026552694,2024-10-24T11:47:46
GREENPANEL,INE08ZM01014,2024-10-24,NSE,EQ,EQ,buy,false,1.000000,381.799988,204286995,1100000026791445,2024-10-24T11:47:46
GREENPANEL,INE08ZM01014,2024-10-24,NSE,EQ,EQ,buy,false,1.000000,381.799988,204286996,1100000026791445,2024-10-24T11:47:46
RUSHIL,INE573K01025,2024-10-24,NSE,EQ,EQ,buy,false,24.000000,32.340000,604474726,1300000026552707,2024-10-24T11:47:46
SONATSOFTW,INE269A01021,2024-10-24,NSE,EQ,EQ,buy,false,3.000000,606.400024,604474723,1300000026552694,2024-10-24T11:47:46
GREENPANEL,INE08ZM01014,2024-10-24,NSE,EQ,EQ,buy,false,1.000000,381.750000,204286989,1100000026791445,2024-10-24T11:47:46
GREENPANEL,INE08ZM01014,2024-10-24,NSE,EQ,EQ,buy,false,13.000000,381.750000,204286988,1100000026791445,2024-10-24T11:47:46
GREENPANEL,INE08ZM01014,2024-10-24,NSE,EQ,EQ,buy,false,1.000000,381.750000,204286987,1100000026791445,2024-10-24T11:47:46
PVRINOX,INE191H01014,2024-10-24,NSE,EQ,EQ,buy,false,6.000000,1505.000000,405051893,1200000031551657,2024-10-24T11:47:46
RUSHIL,INE573K01025,2024-10-24,NSE,EQ,EQ,buy,false,198.000000,32.340000,604474725,1300000026552707,2024-10-24T11:47:46
MANAPPURAM,INE522D01027,2024-10-25,NSE,EQ,EQ,buy,false,70.000000,144.100006,409632856,1200000061954057,2024-10-25T14:17:52
SUPRIYA,INE07RO01027,2024-10-25,NSE,EQ,EQ,buy,false,15.000000,536.349976,608510407,1300000051366716,2024-10-25T14:17:52
SUPRIYA,INE07RO01027,2024-10-25,NSE,EQ,EQ,buy,false,3.000000,536.400024,608510408,1300000051366716,2024-10-25T14:17:52
SUPRIYA,INE07RO01027,2024-10-25,NSE,EQ,EQ,buy,false,2.000000,536.450012,608510409,1300000051366716,2024-10-25T14:17:52
TORNTPOWER,INE813H01021,2024-10-25,NSE,EQ,EQ,buy,false,1.000000,1919.250000,608633010,1300000052029234,2024-10-25T14:22:23
BPCL,INE029A01011,2024-10-25,NSE,EQ,EQ,buy,false,26.000000,309.600006,7555404,1000000056043561,2024-10-25T14:22:23
ONGC,INE213A01029,2024-10-25,NSE,EQ,EQ,buy,false,24.000000,263.200012,409778351,1200000062768202,2024-10-25T14:22:23
ONGC,INE213A01029,2024-10-25,NSE,EQ,EQ,buy,false,3.000000,263.149994,409778350,1200000062768202,2024-10-25T14:22:23
NHPC,INE848E01016,2024-10-25,NSE,EQ,EQ,buy,false,95.000000,78.010002,409778352,1200000062768210,2024-10-25T14:22:23
OIL,INE274J01014,2024-10-25,NSE,EQ,EQ,buy,false,3.000000,486.700012,409778353,1200000062768215,2024-10-25T14:22:23
OIL,INE274J01014,2024-10-25,NSE,EQ,EQ,buy,false,1.000000,486.700012,409778354,1200000062768215,2024-10-25T14:22:23
GAIL,INE129A01019,2024-10-25,NSE,EQ,EQ,buy,false,28.000000,204.710007,210526509,1100000065746063,2024-10-25T14:22:23
COALINDIA,INE522F01014,2024-10-25,NSE,EQ,EQ,buy,false,16.000000,459.649994,7555402,1000000056043545,2024-10-25T14:22:23
OIL,INE274J01014,2024-10-25,NSE,EQ,EQ,buy,false,14.000000,486.700012,409778355,1200000062768215,2024-10-25T14:22:23
NTPC,INE733E01010,2024-10-25,NSE,EQ,EQ,buy,false,16.000000,396.049988,409778358,1200000062768230,2024-10-25T14:22:23
RELIANCE,INE002A01018,2024-10-25,NSE,EQ,EQ,buy,false,5.000000,2660.949951,608633009,1300000052029224,2024-10-25T14:22:23
SJVN,INE002L01015,2024-10-25,NSE,EQ,EQ,buy,false,58.000000,106.949997,608633008,1300000052029216,2024-10-25T14:22:23
TATAPOWER,INE245A01021,2024-10-25,NSE,EQ,EQ,buy,false,16.000000,418.299988,608633012,1300000052029243,2024-10-25T14:22:23
TORNTPOWER,INE813H01021,2024-10-25,NSE,EQ,EQ,buy,false,1.000000,1919.300049,608633011,1300000052029234,2024-10-25T14:22:23
IEX,INE022Q01020,2024-10-25,NSE,EQ,EQ,buy,false,61.000000,179.380005,210526506,1100000065746042,2024-10-25T14:22:23
POWERGRID,INE752E01010,2024-10-25,NSE,EQ,EQ,buy,false,25.000000,314.850006,409778357,1200000062768220,2024-10-25T14:22:23
POWERGRID,INE752E01010,2024-10-25,NSE,EQ,EQ,buy,false,1.000000,314.850006,409778356,1200000062768220,2024-10-25T14:22:23
SHYAMMETL,INE810G01011,2024-10-25,NSE,EQ,EQ,buy,false,1.000000,792.799988,608649385,1300000052145381,2024-10-25T14:23:04
JINDALSTEL,INE749A01030,2024-10-25,NSE,EQ,EQ,buy,false,3.000000,893.849976,409799121,1200000062902709,2024-10-25T14:23:04
APLAPOLLO,INE702C01027,2024-10-25,NSE,EQ,EQ,buy,false,2.000000,1460.050049,7574633,1000000056184067,2024-10-25T14:23:04
APLAPOLLO,INE702C01027,2024-10-25,NSE,EQ,EQ,buy,false,2.000000,1460.050049,7574634,1000000056184067,2024-10-25T14:23:04
APLAPOLLO,INE702C01027,2024-10-25,NSE,EQ,EQ,buy,false,2.000000,1460.050049,7574635,1000000056184067,2024-10-25T14:23:04
HINDALCO,INE038A01020,2024-10-25,NSE,EQ,EQ,buy,false,4.000000,671.900024,210547508,1100000065868606,2024-10-25T14:23:04
HINDALCO,INE038A01020,2024-10-25,NSE,EQ,EQ,buy,false,6.000000,671.849976,210547507,1100000065868606,2024-10-25T14:23:04
HINDALCO,INE038A01020,2024-10-25,NSE,EQ,EQ,buy,false,1.000000,671.849976,210547506,1100000065868606,2024-10-25T14:23:04
HINDALCO,INE038A01020,2024-10-25,NSE,EQ,EQ,buy,false,1.000000,671.849976,210547505,1100000065868606,2024-10-25T14:23:04
HINDALCO,INE038A01020,2024-10-25,NSE,EQ,EQ,buy,false,2.000000,671.849976,210547504,1100000065868606,2024-10-25T14:23:04
HINDALCO,INE038A01020,2024-10-25,NSE,EQ,EQ,buy,false,1.000000,671.849976,210547503,1100000065868606,2024-10-25T14:23:04
SAIL,INE114A01011,2024-10-25,NSE,EQ,EQ,buy,false,60.000000,110.989998,608649389,1300000052145410,2024-10-25T14:23:04
JSWSTEEL,INE019A01038,2024-10-25,NSE,EQ,EQ,buy,false,3.000000,937.299988,409799133,1200000062902837,2024-10-25T14:23:04
JSWSTEEL,INE019A01038,2024-10-25,NSE,EQ,EQ,buy,false,8.000000,937.299988,409799132,1200000062902837,2024-10-25T14:23:04
RATNAMANI,INE703B01027,2024-10-25,NSE,EQ,EQ,buy,false,2.000000,3438.050049,608649393,1300000052145432,2024-10-25T14:23:04
RATNAMANI,INE703B01027,2024-10-25,NSE,EQ,EQ,buy,false,1.000000,3438.000000,608649392,1300000052145432,2024-10-25T14:23:04
NATIONALUM,INE139A01034,2024-10-25,NSE,EQ,EQ,buy,false,4.000000,216.690002,409799125,1200000062902743,2024-10-25T14:23:04
NMDC,INE584A01023,2024-10-25,NSE,EQ,EQ,buy,false,22.000000,217.119995,409799135,1200000062902852,2024-10-25T14:23:04
MOIL,INE490G01020,2024-10-25,NSE,EQ,EQ,buy,false,26.000000,332.200012,409799131,1200000062902814,2024-10-25T14:23:04
SHYAMMETL,INE810G01011,2024-10-25,NSE,EQ,EQ,buy,false,1.000000,792.849976,608649386,1300000052145381,2024-10-25T14:23:04
APLAPOLLO,INE702C01027,2024-10-25,NSE,EQ,EQ,buy,false,1.000000,1459.949951,7574631,1000000056184067,2024-10-25T14:23:04
RATNAMANI,INE703B01027,2024-10-25,NSE,EQ,EQ,buy,false,1.000000,3437.949951,608649391,1300000052145432,2024-10-25T14:23:04
SHYAMMETL,INE810G01011,2024-10-25,NSE,EQ,EQ,buy,false,11.000000,792.900024,608649387,1300000052145381,2024-10-25T14:23:04
TATASTEEL,INE081A01020,2024-10-25,NSE,EQ,EQ,buy,false,59.000000,145.529999,608649398,1300000052145474,2024-10-25T14:23:04
RATNAMANI,INE703B01027,2024-10-25,NSE,EQ,EQ,buy,false,1.000000,3437.949951,608649390,1300000052145432,2024-10-25T14:23:04
JINDALSTEL,INE749A01030,2024-10-25,NSE,EQ,EQ,buy,false,4.000000,893.849976,409799117,1200000062902709,2024-10-25T14:23:04
JINDALSTEL,INE749A01030,2024-10-25,NSE,EQ,EQ,buy,false,2.000000,893.849976,409799118,1200000062902709,2024-10-25T14:23:04
JINDALSTEL,INE749A01030,2024-10-25,NSE,EQ,EQ,buy,false,2.000000,893.849976,409799119,1200000062902709,2024-10-25T14:23:04
JINDALSTEL,INE749A01030,2024-10-25,NSE,EQ,EQ,buy,false,1.000000,893.849976,409799120,1200000062902709,2024-10-25T14:23:04
APLAPOLLO,INE702C01027,2024-10-25,NSE,EQ,EQ,buy,false,1.000000,1459.949951,7574632,1000000056184067,2024-10-25T14:23:04
HGINFRA,INE926X01010,2024-10-25,NSE,EQ,EQ,buy,false,2.000000,1293.150024,210570238,1100000066000323,2024-10-25T14:23:49
TIMETECHNO,INE508G01029,2024-10-25,NSE,EQ,EQ,buy,false,11.000000,395.950012,608665704,1300000052246883,2024-10-25T14:23:49
HGINFRA,INE926X01010,2024-10-25,NSE,EQ,EQ,buy,false,1.000000,1293.199951,210570240,1100000066000323,2024-10-25T14:23:49
HGINFRA,INE926X01010,2024-10-25,NSE,EQ,EQ,buy,false,1.000000,1293.199951,210570241,1100000066000323,2024-10-25T14:23:49
HGINFRA,INE926X01010,2024-10-25,NSE,EQ,EQ,buy,false,1.000000,1293.250000,210570242,1100000066000323,2024-10-25T14:23:49
CEATLTD,INE482A01020,2024-10-25,NSE,EQ,EQ,buy,false,3.000000,2748.300049,7593534,1000000056317981,2024-10-25T14:23:49
LTFOODS,INE818H01020,2024-10-25,NSE,EQ,EQ,buy,false,18.000000,348.000000,210570243,1100000066000351,2024-10-25T14:23:49
HGINFRA,INE926X01010,2024-10-25,NSE,EQ,EQ,buy,false,1.000000,1293.150024,210570239,1100000066000323,2024-10-25T14:23:49
AVANTIFEED,INE871C01038,2024-10-25,NSE,EQ,EQ,buy,false,3.000000,546.500000,7593619,1000000056318017,2024-10-25T14:23:49
AVANTIFEED,INE871C01038,2024-10-25,NSE,EQ,EQ,buy,false,9.000000,546.500000,7593620,1000000056318017,2024-10-25T14:23:49
AVANTIFEED,INE871C01038,2024-10-25,NSE,EQ,EQ,buy,false,1.000000,546.500000,7593621,1000000056318017,2024-10-25T14:23:49
COALINDIA,INE522F01014,2024-10-25,NSE,EQ,EQ,buy,false,12.000000,459.750000,7593623,1000000056318031,2024-10-25T14:23:49
COALINDIA,INE522F01014,2024-10-25,NSE,EQ,EQ,buy,false,1.000000,459.750000,7593622,1000000056318031,2024-10-25T14:23:49
ARE&M,INE885A01032,2024-10-25,NSE,EQ,EQ,buy,false,5.000000,1235.900024,7593630,1000000056318114,2024-10-25T14:23:49
JKTYRE,INE573A01042,2024-10-25,NSE,EQ,EQ,buy,false,18.000000,368.950012,409820872,1200000063032016,2024-10-25T14:23:49
SUNTV,INE424H01027,2024-10-25,NSE,EQ,EQ,buy,false,10.000000,726.250000,608665705,1300000052246910,2024-10-25T14:23:49
NMDC,INE584A01023,2024-10-25,NSE,EQ,EQ,buy,false,29.000000,216.750000,409820875,1200000063032118,2024-10-25T14:23:49
TATAMOTORS,INE155A01022,2024-10-25,NSE,EQ,EQ,buy,false,8.000000,861.150024,608665713,1300000052246959,2024-10-25T14:23:49
UTIAMC,INE094J01016,2024-10-25,NSE,EQ,EQ,buy,false,1.000000,1145.949951,608665710,1300000052246927,2024-10-25T14:23:49
UTIAMC,INE094J01016,2024-10-25,NSE,EQ,EQ,buy,false,3.000000,1145.949951,608665711,1300000052246927,2024-10-25T14:23:49
UTIAMC,INE094J01016,2024-10-25,NSE,EQ,EQ,buy,false,2.000000,1146.000000,608665712,1300000052246927,2024-10-25T14:23:49
JKIL,INE576I01022,2024-10-25,NSE,EQ,EQ,buy,false,10.000000,692.250000,409820865,1200000063031966,2024-10-25T14:23:49
JINDALSAW,INE324A01032,2024-10-25,NSE,EQ,EQ,buy,false,23.000000,297.299988,409820874,1200000063032093,2024-10-25T14:23:49
APOLLOTYRE,INE438A01022,2024-10-25,NSE,EQ,EQ,buy,false,13.000000,475.700012,7593529,1000000056317928,2024-10-25T14:23:49
SILVERBEES,INF204KC1402,2024-10-25,NSE,EQ,EQ,buy,false,325.000000,92.669998,409856675,1200000063229293,2024-10-25T14:24:59
HDFCMOMENT,INF179KC1HV6,2024-10-25,NSE,EQ,EQ,buy,false,580.000000,34.259998,210643564,1100000066391464,2024-10-25T14:26:00
BAJAJ-AUTO,INE917I01010,2024-10-28,NSE,EQ,EQ,buy,false,1.000000,10183.150391,2122916,1000000011761040,2024-10-28T09:57:46
HEROMOTOCO,INE158A01026,2024-10-28,NSE,EQ,EQ,buy,false,2.000000,4909.850098,202690185,1100000013390769,2024-10-28T09:57:46
HEROMOTOCO,INE158A01026,2024-11-04,NSE,EQ,EQ,buy,false,3.000000,4756.899902,204721110,1100000029296113,2024-11-04T11:30:06
TVSMOTOR,INE494B01023,2024-11-04,NSE,EQ,EQ,buy,false,4.000000,2430.199951,604913403,1300000027473616,2024-11-04T11:30:06
BAJAJ-AUTO,INE917I01010,2024-11-04,NSE,EQ,EQ,buy,false,1.000000,9396.099609,3590826,1000000025573312,2024-11-04T11:30:06
SWSOLAR,INE00M201021,2024-11-04,NSE,EQ,EQ,buy,false,20.000000,578.250000,604967342,1300000027846330,2024-11-04T11:32:38
PVRINOX,INE191H01014,2024-11-04,NSE,EQ,EQ,buy,false,7.000000,1473.650024,404922429,1200000031688336,2024-11-04T11:32:38
NIFTYBEES,INF204KB14I2,2024-11-04,NSE,EQ,EQ,buy,false,75.000000,267.100006,404951167,1200000031954007,2024-11-04T11:34:18
JYOTIRES,INE577D01013,2024-11-05,BSE,EQ,B,buy,false,10.000000,1502.900024,23385500,1730777400000295469,2024-11-05T14:13:55
TITAN,INE280A01028,2024-11-06,NSE,EQ,EQ,buy,false,5.000000,3129.850098,600961135,1300000005316074,2024-11-06T09:29:22
THYROCARE,INE594H01019,2024-11-06,NSE,EQ,EQ,sell,false,12.000000,968.700012,601092518,1300000006133690,2024-11-06T09:32:15
THYROCARE,INE594H01019,2024-11-06,NSE,EQ,EQ,sell,false,8.000000,968.700012,601092517,1300000006133690,2024-11-06T09:32:15
THYROCARE,INE594H01019,2024-11-06,NSE,EQ,EQ,sell,false,1.000000,968.599976,601092521,1300000006133690,2024-11-06T09:32:15
THYROCARE,INE594H01019,2024-11-06,NSE,EQ,EQ,sell,false,2.000000,968.650024,601092520,1300000006133690,2024-11-06T09:32:15
THYROCARE,INE594H01019,2024-11-06,NSE,EQ,EQ,sell,false,1.000000,968.599976,601092522,1300000006133690,2024-11-06T09:32:15
THYROCARE,INE594H01019,2024-11-06,NSE,EQ,EQ,sell,false,6.000000,968.650024,601092519,1300000006133690,2024-11-06T09:32:15
INDIGOPNTS,INE09VQ01012,2024-11-08,NSE,EQ,EQ,buy,false,7.000000,1542.650024,207867265,1100000053487227,2024-11-08T14:57:39
INDIGOPNTS,INE09VQ01012,2024-11-08,NSE,EQ,EQ,buy,false,11.000000,1542.699951,207867267,1100000053487227,2024-11-08T14:57:39
INDIGOPNTS,INE09VQ01012,2024-11-08,NSE,EQ,EQ,buy,false,2.000000,1542.650024,207867266,1100000053487227,2024-11-08T14:57:39
ASIANPAINT,INE021A01026,2024-11-11,NSE,EQ,EQ,buy,false,10.000000,2542.000000,1787986,1000000011286371,2024-11-11T09:54:03
ASIANPAINT,INE021A01026,2024-11-12,NSE,EQ,EQ,buy,false,1.000000,2503.699951,3351657,1000000025772677,2024-11-12T12:16:50
ASIANPAINT,INE021A01026,2024-11-12,NSE,EQ,EQ,buy,false,9.000000,2503.800049,3351658,1000000025772677,2024-11-12T12:16:50
INDIGOPNTS,INE09VQ01012,2024-11-12,NSE,EQ,EQ,buy,false,11.000000,1500.949951,204543682,1100000031180481,2024-11-12T12:17:57
INDIGOPNTS,INE09VQ01012,2024-11-12,NSE,EQ,EQ,buy,false,3.000000,1500.949951,204543681,1100000031180481,2024-11-12T12:17:57
INDIGOPNTS,INE09VQ01012,2024-11-12,NSE,EQ,EQ,buy,false,1.000000,1500.949951,204543680,1100000031180481,2024-11-12T12:17:57
JYOTIRES,INE577D01013,2024-11-12,BSE,EQ,B,buy,false,10.000000,1472.750000,14544700,1731382200001026987,2024-11-12T12:20:07
DREAMFOLKS,INE0JS101016,2024-11-13,NSE,EQ,EQ,buy,false,5.000000,412.000000,205008013,1100000033676217,2024-11-13T11:50:48
DREAMFOLKS,INE0JS101016,2024-11-13,NSE,EQ,EQ,buy,false,11.000000,411.950012,205008011,1100000033676217,2024-11-13T11:50:48
DREAMFOLKS,INE0JS101016,2024-11-13,NSE,EQ,EQ,buy,false,4.000000,411.899994,205008009,1100000033676217,2024-11-13T11:50:48
DREAMFOLKS,INE0JS101016,2024-11-13,NSE,EQ,EQ,buy,false,19.000000,411.850006,205008007,1100000033676217,2024-11-13T11:50:48
DREAMFOLKS,INE0JS101016,2024-11-13,NSE,EQ,EQ,buy,false,2.000000,411.850006,205008008,1100000033676217,2024-11-13T11:50:48
DREAMFOLKS,INE0JS101016,2024-11-13,NSE,EQ,EQ,buy,false,1.000000,411.950012,205008012,1100000033676217,2024-11-13T11:50:48
DREAMFOLKS,INE0JS101016,2024-11-13,NSE,EQ,EQ,buy,false,3.000000,411.899994,205008010,1100000033676217,2024-11-13T11:50:48
DREAMFOLKS,INE0JS101016,2024-11-13,NSE,EQ,EQ,buy,false,5.000000,412.049988,205008014,1100000033676217,2024-11-13T11:50:48
TITAN,INE280A01028,2024-11-28,NSE,EQ,EQ,buy,false,5.000000,3210.149902,607500154,1300000052366568,2024-11-28T14:37:14
CLEAN,INE227W01023,2024-11-28,NSE,EQ,EQ,buy,false,6.000000,1285.300049,8083759,1000000054810855,2024-11-28T14:37:15
CLEAN,INE227W01023,2024-11-28,NSE,EQ,EQ,buy,false,2.000000,1285.300049,8083757,1000000054810855,2024-11-28T14:37:15
CLEAN,INE227W01023,2024-11-28,NSE,EQ,EQ,buy,false,1.000000,1285.300049,8083758,1000000054810855,2024-11-28T14:37:15
GREENPANEL,INE08ZM01014,2024-11-28,NSE,EQ,EQ,buy,false,2.000000,347.299988,208467450,1100000057339814,2024-11-28T14:37:15
CLEAN,INE227W01023,2024-11-28,NSE,EQ,EQ,buy,false,1.000000,1285.300049,8083760,1000000054810855,2024-11-28T14:37:15
GREENPANEL,INE08ZM01014,2024-11-28,NSE,EQ,EQ,buy,false,1.000000,347.299988,208467449,1100000057339814,2024-11-28T14:37:15
GREENPANEL,INE08ZM01014,2024-11-28,NSE,EQ,EQ,buy,false,1.000000,347.299988,208467448,1100000057339814,2024-11-28T14:37:15
GREENPANEL,INE08ZM01014,2024-11-28,NSE,EQ,EQ,buy,false,1.000000,347.149994,208467443,1100000057339814,2024-11-28T14:37:15
GREENPANEL,INE08ZM01014,2024-11-28,NSE,EQ,EQ,buy,false,1.000000,347.149994,208467444,1100000057339814,2024-11-28T14:37:15
GREENPANEL,INE08ZM01014,2024-11-28,NSE,EQ,EQ,buy,false,16.000000,347.149994,208467445,1100000057339814,2024-11-28T14:37:15
RUSHIL,INE573K01025,2024-11-28,NSE,EQ,EQ,buy,false,68.000000,33.639999,607500157,1300000052366575,2024-11-28T14:37:15
RUSHIL,INE573K01025,2024-11-28,NSE,EQ,EQ,buy,false,128.000000,33.619999,607500156,1300000052366575,2024-11-28T14:37:15
GREENPANEL,INE08ZM01014,2024-11-28,NSE,EQ,EQ,buy,false,1.000000,347.149994,208467446,1100000057339814,2024-11-28T14:37:15
RUSHIL,INE573K01025,2024-11-28,NSE,EQ,EQ,buy,false,104.000000,33.619999,607500155,1300000052366575,2024-11-28T14:37:15
GREENPANEL,INE08ZM01014,2024-11-28,NSE,EQ,EQ,buy,false,1.000000,347.250000,208467447,1100000057339814,2024-11-28T14:37:15
GREENPANEL,INE08ZM01014,2024-11-28,NSE,EQ,EQ,buy,false,1.000000,347.100006,208467442,1100000057339814,2024-11-28T14:37:15
TVSMOTOR,INE494B01023,2024-11-28,NSE,EQ,EQ,buy,false,2.000000,2413.899902,607539136,1300000052655515,2024-11-28T14:39:12
BAJAJ-AUTO,INE917I01010,2024-11-28,NSE,EQ,EQ,buy,false,2.000000,9027.349609,8124342,1000000055096971,2024-11-28T14:39:12
TVSMOTOR,INE494B01023,2024-11-28,NSE,EQ,EQ,buy,false,4.000000,2413.850098,607539135,1300000052655515,2024-11-28T14:39:12
CDSL,INE736A01011,2024-12-12,NSE,EQ,EQ,sell,false,20.000000,1950.000000,1620588,1000000010109565,2024-12-12T10:02:21
MUTHOOTFIN,INE414G01012,2024-12-12,NSE,EQ,EQ,sell,false,9.000000,2090.750000,402046947,1200000012632575,2024-12-12T10:04:05
MUTHOOTFIN,INE414G01012,2024-12-12,NSE,EQ,EQ,sell,false,9.000000,2091.199951,402046945,1200000012632575,2024-12-12T10:04:05
MUTHOOTFIN,INE414G01012,2024-12-12,NSE,EQ,EQ,sell,false,2.000000,2090.750000,402046946,1200000012632575,2024-12-12T10:04:05
VGUARD,INE951I01027,2024-12-12,NSE,EQ,EQ,buy,false,2.000000,427.750000,602139414,1300000011809216,2024-12-12T10:06:04
VGUARD,INE951I01027,2024-12-12,NSE,EQ,EQ,buy,false,12.000000,427.750000,602139415,1300000011809216,2024-12-12T10:06:04
HEROMOTOCO,INE158A01026,2024-12-12,NSE,EQ,EQ,buy,false,2.000000,4605.049805,202057923,1100000011688987,2024-12-12T10:06:04
VGUARD,INE951I01027,2024-12-12,NSE,EQ,EQ,buy,false,4.000000,427.750000,602139416,1300000011809216,2024-12-12T10:06:04
VGUARD,INE951I01027,2024-12-12,NSE,EQ,EQ,buy,false,7.000000,427.750000,602139417,1300000011809216,2024-12-12T10:06:04
BAJAJ-AUTO,INE917I01010,2024-12-12,NSE,EQ,EQ,buy,false,1.000000,9045.000000,1705270,1000000010694941,2024-12-12T10:06:04
EXIDEIND,INE302A01020,2024-12-12,NSE,EQ,EQ,buy,false,25.000000,466.850006,202093752,1100000011917374,2024-12-12T10:07:36
PERSISTENT,INE262H01021,2024-12-13,NSE,EQ,EQ,sell,false,5.000000,6398.149902,401584230,1200000010457102,2024-12-13T09:47:24
OFSS,INE881D01027,2024-12-13,NSE,EQ,EQ,sell,false,1.000000,12151.799805,401584229,1200000010457090,2024-12-13T09:47:24
OFSS,INE881D01027,2024-12-13,NSE,EQ,EQ,sell,false,1.000000,12151.799805,401584228,1200000010457090,2024-12-13T09:47:24
COFORGE,INE591G01017,2024-12-13,NSE,EQ,EQ,sell,false,4.000000,9155.099609,1245822,1000000008901069,2024-12-13T09:47:24
PERSISTENT,INE262H01021,2024-12-13,NSE,EQ,EQ,sell,false,3.000000,6398.149902,401584231,1200000010457102,2024-12-13T09:47:24
KPITTECH,INE04I401011,2024-12-13,NSE,EQ,EQ,buy,false,10.000000,1526.000000,401585119,1200000010464007,2024-12-13T09:47:26
KPITTECH,INE04I401011,2024-12-13,NSE,EQ,EQ,buy,false,2.000000,1526.150024,401585120,1200000010464007,2024-12-13T09:47:26
KPITTECH,INE04I401011,2024-12-13,NSE,EQ,EQ,buy,false,9.000000,1526.150024,401585121,1200000010464007,2024-12-13T09:47:26
KPITTECH,INE04I401011,2024-12-13,NSE,EQ,EQ,buy,false,2.000000,1526.150024,401585122,1200000010464007,2024-12-13T09:47:26
KPITTECH,INE04I401011,2024-12-13,NSE,EQ,EQ,buy,false,9.000000,1526.150024,401585123,1200000010464007,2024-12-13T09:47:26
KPITTECH,INE04I401011,2024-12-13,NSE,EQ,EQ,buy,false,2.000000,1526.150024,401585124,1200000010464007,2024-12-13T09:47:26
KPITTECH,INE04I401011,2024-12-13,NSE,EQ,EQ,buy,false,1.000000,1526.150024,401585125,1200000010464007,2024-12-13T09:47:26
INFY,INE009A01021,2024-12-13,NSE,EQ,EQ,buy,false,20.000000,1969.900024,201550562,1100000009871667,2024-12-13T09:47:26
TCS,INE467B01029,2024-12-13,NSE,EQ,EQ,buy,false,1.000000,4450.899902,601524123,1300000009084186,2024-12-13T09:47:26
TCS,INE467B01029,2024-12-13,NSE,EQ,EQ,buy,false,4.000000,4451.850098,601524124,1300000009084186,2024-12-13T09:47:26
PNCINFRA,INE195J01029,2024-12-13,NSE,EQ,EQ,sell,false,30.000000,327.399994,401615596,1200000010689551,2024-12-13T09:48:27
PNCINFRA,INE195J01029,2024-12-13,NSE,EQ,EQ,sell,false,1.000000,327.350006,401615597,1200000010689551,2024-12-13T09:48:27
ULTRACEMCO,INE481G01011,2024-12-13,NSE,EQ,EQ,sell,false,1.000000,11823.799805,601553163,1300000009280142,2024-12-13T09:48:27
POLYCAB,INE455K01017,2024-12-13,NSE,EQ,EQ,sell,false,1.000000,7408.100098,401615576,1200000010689503,2024-12-13T09:48:27
GPPL,INE517F01014,2024-12-13,NSE,EQ,EQ,buy,false,1.000000,191.080002,201584035,1100000010116206,2024-12-13T09:48:29
GPPL,INE517F01014,2024-12-13,NSE,EQ,EQ,buy,false,1.000000,191.070007,201584033,1100000010116206,2024-12-13T09:48:29
GPPL,INE517F01014,2024-12-13,NSE,EQ,EQ,buy,false,7.000000,191.070007,201584034,1100000010116206,2024-12-13T09:48:29
NTPC,INE733E01010,2024-12-13,NSE,EQ,EQ,buy,false,7.000000,351.000000,401616408,1200000010695024,2024-12-13T09:48:29
NCC,INE868B01028,2024-12-13,NSE,EQ,EQ,buy,false,6.000000,297.750000,401616383,1200000010694991,2024-12-13T09:48:29
NCC,INE868B01028,2024-12-13,NSE,EQ,EQ,buy,false,6.000000,297.750000,401616382,1200000010694991,2024-12-13T09:48:29
NTPC,INE733E01010,2024-12-13,NSE,EQ,EQ,buy,false,4.000000,351.000000,401616409,1200000010695024,2024-12-13T09:48:29
JKCEMENT,INE823G01014,2024-12-13,NSE,EQ,EQ,buy,false,1.000000,4665.700195,401616410,1200000010695034,2024-12-13T09:48:29
GPPL,INE517F01014,2024-12-13,NSE,EQ,EQ,buy,false,9.000000,191.119995,201584037,1100000010116206,2024-12-13T09:48:29
GPPL,INE517F01014,2024-12-13,NSE,EQ,EQ,buy,false,2.000000,191.110001,201584036,1100000010116206,2024-12-13T09:48:29
JKCEMENT,INE823G01014,2024-12-13,NSE,EQ,EQ,buy,false,1.000000,4665.700195,401616411,1200000010695034,2024-12-13T09:48:29
JKCEMENT,INE823G01014,2024-12-13,NSE,EQ,EQ,buy,false,2.000000,4665.700195,401616412,1200000010695034,2024-12-13T09:48:29
TATAMOTORS,INE155A01022,2024-12-13,NSE,EQ,EQ,sell,false,2.000000,782.099976,601621880,1300000009765665,2024-12-13T09:50:51
TCS,INE467B01029,2024-12-13,NSE,EQ,EQ,sell,false,1.000000,4464.250000,601621869,1300000009765623,2024-12-13T09:50:51
VOLTAS,INE226A01021,2024-12-13,NSE,EQ,EQ,sell,false,1.000000,1776.000000,601621871,1300000009765657,2024-12-13T09:50:51
TATACHEM,INE092A01019,2024-12-13,NSE,EQ,EQ,sell,false,2.000000,1078.400024,601621872,1300000009765662,2024-12-13T09:50:51
INDHOTEL,INE053A01029,2024-12-13,NSE,EQ,EQ,sell,false,8.000000,835.599976,201661657,1100000010671588,2024-12-13T09:50:51
TATATECH,INE142M01025,2024-12-13,NSE,EQ,EQ,buy,false,15.000000,942.900024,601623182,1300000009772545,2024-12-13T09:50:53
TITAN,INE280A01028,2024-12-13,NSE,EQ,EQ,buy,false,1.000000,3420.100098,601623183,1300000009772571,2024-12-13T09:50:53
PIIND,INE603J01030,2024-12-23,NSE,EQ,EQ,buy,false,1.000000,3800.350098,406900545,1200000059928074,2024-12-23T14:12:58
PIIND,INE603J01030,2024-12-23,NSE,EQ,EQ,buy,false,3.000000,3800.600098,406900546,1200000059928074,2024-12-23T14:12:58
FORTIS,INE061F01013,2024-12-24,NSE,EQ,EQ,buy,false,15.000000,682.000000,204676480,1100000037025613,2024-12-24T12:54:08
PIIND,INE603J01030,2024-12-24,NSE,EQ,EQ,buy,false,5.000000,3792.750000,404303588,1200000039467425,2024-12-24T12:54:08
SWSOLAR,INE00M201021,2024-12-24,NSE,EQ,EQ,buy,false,17.000000,461.500000,604513397,1300000034596466,2024-12-24T12:57:49
INDIGOPNTS,INE09VQ01012,2024-12-24,NSE,EQ,EQ,buy,false,20.000000,1357.599976,204734366,1100000037522452,2024-12-24T12:57:49
DIVISLAB,INE361B01024,2024-12-24,NSE,EQ,EQ,sell,false,1.000000,5798.100098,207400479,1100000057041182,2024-12-24T15:14:10
POLYCAB,INE455K01017,2024-12-24,NSE,EQ,EQ,sell,false,1.000000,7090.000000,406753747,1200000059657710,2024-12-24T15:14:10
