Snapshot Date,Snapshot Month,Symbol,Sector,Industry,Archetype,Economic Sensitivity,Investor Role,Mkt Cap Cr,52W Low,CMP,52W High,Buy 20% Less,Day Chg%,1W Return %,1M Return %,Trend,Technical Setup,RSI,Vol Spike,Beta,EPS,PE,Book Value,P/B,Div Yield%,Fair Val,Rev Growth%,ROE%,ROA%,Debt/Equity,News Summary & Digest,Sentiment & Score,News Source,Strengths,Weaknesses,Quality Score,Valuation Score,Timing Score,Total Score,Buying Zone,Buy/Sell Price Range,Final Action
2026-08-31,2026-08,ASIANPAINT,Basic Materials,Specialty Chemicals,QUALITY_GROWTH,Medium,Long-term Growth,"₹2,53,063 Cr",2115,2653.6,2985.7,-11.12%,1.72,0.48,-3.41,Uptrend,🟠 Volatile,34,2.02,0.98,49.63,53.19,222.81,11.85,1.04,"₹1,241",5.1,,,17.85,"29 articles, dominant topic: earnings. Investing in Asian Paints (NSE:ASIANPAINT) a year ago would have delivered you a 21% gain - simplywall.st (bullish signals: profit rises)",Neutral,"simplywall.st, TradingView, vinanet.vn",✓ Oversold RSI (34.0) — good entry | ✓ Volume spike 2.0x on uptrend,✗ Weak REV GROWTH 5.1% | ✗ High debt (17.9x) | ✗ Expensive PE (53.2x),2,5,25,32,❌ WAIT,"> ₹1,365",WATCH
2026-08-31,2026-08,HINDUNILVR,Consumer Defensive,Household & Personal Products,CONSUMER_STAPLES,Low,Defensive,"₹4,75,604 Cr",2006.2,1967.4,2750,-28.46%,-2.14,-3.08,-6.37,Strong Downtrend,🟡 Consolidating,26,1.58,0.74,45.07,44.91,207.44,9.76,2.17,"₹1,577",5.27,,,3.02,"32 articles, dominant topic: dividends. Hindustan Unilever Share Price - Live NSE: HINDUNILVR Stock Price & Chart - Upstox (mostly dividends-related coverage, no strong signal)",Neutral,"Upstox, simplywall.st, ICICI Direct",✓ Deeply oversold RSI (26.0),✗ Below 200-day MA — long-term trend broken,3,20,15,38,❌ WAIT,"> ₹1,735",HOLD
2026-08-31,2026-08,PNB,Financial Services,Banks - Regional,FINANCIAL_BANK,Medium,Financial,"₹1,33,238 Cr",98.5,114.23,135.15,-15.48%,-1.01,-1.41,1.35,Uptrend,🟢 Tight Base,50.7,1.42,1.33,19.22,6.03,136.05,0.85,2.59,₹204,4.78,14.97,1.13,,"86 articles, dominant topic: earnings. PNB shares jump up to 5% as Q1 net profit surges over three-fold, brokerages see up to 28% upside - Moneycontrol.com (bullish signals: record high, upgrade)",Bullish (2/10),"Moneycontrol.com, TradingView, Upstox",✓ Attractive P/B (0.8x) | ✓ Good dividend yield (2.6%) | ✓ Bullish news signal (2/10) — positive momentum,✗ Weak REV GROWTH 4.8%,18,30,14,62,🟠 SMALL BUY,< ₹163,ACCUMULATE
2026-08-31,2026-08,ASTRAL,Industrials,Building Products & Equipment,INDUSTRIAL_CAPEX,High,Cyclical,"₹41,372 Cr",1311.6,1522.2,1768.7,-13.94%,-0.66,-0.69,5.25,Uptrend,🟠 Volatile,65.6,7.51,0.76,21.4,71.96,151.05,10.2,0.26,₹428,12.62,,,6.17,"54 articles, dominant topic: corporate_actions. Astral Share Price - Upstox (bearish signals: downgrade)",Neutral,"Upstox, simplywall.st, Sahi",✓ Volume spike 7.5x on uptrend,✗ High debt (6.2x) | ✗ Expensive PE (72.0x) | ✗ Expensive P/B (10.2x),5,4,15,24,❌ WAIT,> ₹471,WATCH
2026-08-31,2026-08,MPHASIS,Technology,Information Technology Services,QUALITY_GROWTH,Medium,Long-term Growth,"₹45,796 Cr",2013,2427.4,3037.2,-20.08%,-1.12,0.02,3.63,Uptrend,🟡 Consolidating,30.5,0.87,0.94,100.19,23.95,594.06,4.04,2.58,"₹2,505",11.59,17.74,9.04,24.68,"51 articles, dominant topic: earnings. MPHASIS Forecast — Price Target — Prediction for 2027 - TradingView (bullish signals: profit rises; bearish signals: cuts guidance)",Neutral,"TradingView, Upstox, simplywall.st",✓ Strong ROE 17.7% | ✓ Attractive PE (23.9x) | ✓ Good dividend yield (2.6%) | ✓ Oversold RSI (30.5) — good entry,✗ High debt (24.7x),13,27,20,60,🔎 INVESTIGATE WHY,"₹2,254 – ₹2,505",ACCUMULATE
2026-08-31,2026-08,OFSS,Technology,Software - Infrastructure,QUALITY_GROWTH,Medium,Long-term Growth,"₹1,02,758 Cr",6234.5,12540,12060,3.98%,2.87,8.87,12.1,Strong Uptrend,🟣 Breakout,62.3,2.18,0.82,391.61,30.13,795.58,14.83,5.64,"₹9,790",12.05,49.9,30.94,0.57,"48 articles, dominant topic: dividends. Why It Might Not Make Sense To Buy Oracle Financial Services Software Limited (NSE:OFSS) For Its Upcoming Dividend - simplywall.st (mostly dividends-related coverage, no strong signal)",Neutral,"simplywall.st, TradingView, News18",✓ Strong ROE 49.9% | ✓ Good dividend yield (5.6%) | ✓ Volume spike 2.2x on uptrend,✗ High debt (0.6x) | ✗ Expensive P/B (14.8x),16,16,15,47,🟠 SMALL BUY,"> ₹10,769",HOLD
2026-08-31,2026-08,COFORGE,Technology,Information Technology Services,QUALITY_GROWTH,Medium,Long-term Growth,"₹83,269 Cr",1008.1,1985.3,1989.7,-0.22%,-1.45,6,15.63,Strong Uptrend,🟡 Consolidating,69.1,1.02,1.11,48.83,38.5,283.96,6.62,0.85,"₹1,221",35.86,,,7.52,"100 articles, dominant topic: earnings. Coforge Share Price - Upstox (bullish signals: outperform, profit rises, upgrade; bearish signals: downgrade)",Bullish (6/10),"Upstox, Business Today, scanx.trade",✓ Strong REV GROWTH 35.9% | ✓ Bullish news signal (6/10) — positive momentum,✗ High debt (7.5x),10,11,13,34,❌ WAIT,"> ₹1,343",WATCH
2026-08-31,2026-08,TCS,Technology,Information Technology Services,QUALITY_GROWTH,Medium,Long-term Growth,,1976.8,2399.3,3350,-28.38%,2.45,5.04,1.42,Downtrend,🟡 Consolidating,45,1.06,0.86,137.73,16.67,303.01,7.58,2.85,"₹3,443",4.58,47.74,24.48,10.21,"100 articles, dominant topic: earnings. TCS stock falls after MHP acquisition: Brokerages bearish; Citi, HSBC flag integration risks, falling... - Moneycontrol.com (bullish signals: record high; bearish signals: cuts guidance)",Neutral,"Moneycontrol.com, The Eastern Herald, Upstox",✓ Strong ROE 47.7% | ✓ Attractive PE (16.7x) | ✓ Good dividend yield (2.9%),✗ Poor REV GROWTH 4.6% | ✗ High debt (10.2x) | ✗ Below 200-day MA — long-term trend broken,10,24,5,39,❌ WAIT,"< ₹2,755",HOLD
2026-08-31,2026-08,PERSISTENT,Technology,Information Technology Services,QUALITY_GROWTH,Medium,Long-term Growth,"₹87,341 Cr",4244.5,5594.5,6599,-15.22%,-4.77,-1.75,0.82,Uptrend,🟠 Volatile,52.4,2.47,0.95,122.15,45.77,538.14,10.39,0.64,"₹3,054",23.53,25.2,14.81,6.94,"85 articles, dominant topic: earnings. There's A Lot To Like About Persistent Systems' (NSE:PERSISTENT) Upcoming ₹18.00 Dividend - simplywall.st (bullish signals: record high)",Neutral,"simplywall.st, HDFC Sky, Upstox",✓ Strong ROE 25.2% | ✓ Strong REV GROWTH 23.5% | ✓ Volume spike 2.5x on uptrend,✗ High debt (6.9x) | ✗ Expensive P/B (10.4x),20,8,18,46,❌ WAIT,"> ₹3,359",HOLD
2026-08-31,2026-08,LTM,Technology,Information Technology Services,QUALITY_GROWTH,Medium,Long-term Growth,"₹1,34,238 Cr",3528,4540,6429.5,-29.39%,-2.89,0.32,4.08,Downtrend,🟡 Consolidating,31.3,0.88,1.12,174.58,25.94,827.55,5.47,1.66,"₹4,364",11.31,21.97,12.69,9.87,"38 articles, dominant topic: earnings. LTM soars 8%, hits over 3-month high on huge volumes; surges 26% in 1 month - Business Standard (bearish signals: downgrade)",Neutral,"Business Standard, TradingView, Upstox",✓ Strong ROE 22.0% | ✓ Good dividend yield (1.7%) | ✓ Oversold RSI (31.3) — good entry,✗ High debt (9.9x) | ✗ Below 200-day MA — long-term trend broken,15,19,10,44,🟠 SMALL BUY,"₹4,364 – ₹4,801",HOLD
2026-08-31,2026-08,TECHM,Technology,Information Technology Services,QUALITY_GROWTH,Medium,Long-term Growth,"₹1,39,175 Cr",1304.1,1628,1854,-12.19%,-0.79,2.78,-1.41,Strong Uptrend,🟡 Consolidating,46.6,1.17,0.6,57.76,27.2,334.41,4.7,3.25,"₹1,444",7.22,,,7.27,"50 articles, dominant topic: earnings. Do These 3 Checks Before Buying Tech Mahindra Limited (NSE:TECHM) For Its Upcoming Dividend - simplywall.st (mostly earnings-related coverage, no strong signal)",Neutral,"simplywall.st, Business Standard, The Economic Times",✓ Good dividend yield (3.2%),✗ Weak REV GROWTH 7.2% | ✗ High debt (7.3x),2,22,15,39,❌ WAIT,"> ₹1,588",HOLD
2026-08-31,2026-08,INFY,Technology,Information Technology Services,QUALITY_GROWTH,Medium,Long-term Growth,"₹4,63,334 Cr",982.4,1133.8,1728,-34.39%,-0.89,0.34,0.33,Downtrend,🟡 Consolidating,35.7,1.1,0.78,77.52,14.76,226.41,5.05,4.42,"₹1,938",4.57,32,15.3,9.54,"52 articles, dominant topic: earnings. INFY Share Price Today - Infosys Ltd. Stock Price Live NSE/BSE - Univest (bullish signals: profit rises)",Neutral,"Univest, simplywall.st, TradingView",✓ Strong ROE 32.0% | ✓ Attractive PE (14.8x) | ✓ Good dividend yield (4.4%) | ✓ Oversold RSI (35.7) — good entry,✗ Poor REV GROWTH 4.6% | ✗ High debt (9.5x) | ✗ Below 200-day MA — long-term trend broken,10,24,10,44,❌ WAIT,"< ₹1,550",HOLD
2026-08-31,2026-08,HCLTECH,Technology,Information Technology Services,QUALITY_GROWTH,Medium,Long-term Growth,"₹3,51,344 Cr",1030,1312.2,1780.1,-26.29%,-0.3,-0.74,-2.58,Downtrend,🟡 Consolidating,38.1,1.62,0.79,64.21,20.22,273.09,4.75,4.62,"₹1,605",11.18,24.07,13.31,7.06,"69 articles, dominant topic: earnings. HCLTECH Share Price Today - HCL Technologies on NSE/BSE - scanx.trade (bullish signals: profit rises)",Neutral,"scanx.trade, Upstox, Reuters",✓ Strong ROE 24.1% | ✓ Attractive PE (20.2x) | ✓ Good dividend yield (4.6%) | ✓ Oversold RSI (38.1) — good entry,✗ High debt (7.1x) | ✗ Below 200-day MA — long-term trend broken,15,27,10,52,🟠 SMALL BUY,"₹1,284 – ₹1,445",ACCUMULATE
2026-08-31,2026-08,RELIANCE,Energy,Oil & Gas Refining & Marketing,COMMODITY_CYCLICAL,Very High,Cyclical,"₹17,56,515 Cr",1249.8,1277,1611.8,-20.77%,-0.78,-2.5,-2.36,Strong Downtrend,🟠 Volatile,29.6,3.07,0.9,55.58,23.35,668.04,1.94,0.46,₹445,9.59,,,36.65,"16 articles, dominant topic: management. Results: Reliance Industries Limited Beat Earnings Expectations And Analysts Now Have New Forecasts - simplywall.st (mostly management-related coverage, no strong signal)",Neutral,"simplywall.st, Value Research, CNBC",✓ Deeply oversold RSI (29.6),✗ High debt (36.6x) | ✗ Expensive PE (23.4x) | ✗ Below 200-day MA — long-term trend broken,3,6,15,24,❌ WAIT,> ₹489,WATCH
2026-08-31,2026-08,ITC,Consumer Defensive,Tobacco,CONSUMER_STAPLES,Low,Defensive,"₹3,40,058 Cr",265,255.5,427,-40.16%,-3.95,-5.27,-9.07,Strong Downtrend,🟡 Consolidating,21.6,1.95,0.65,15.83,17.14,57.87,4.69,5.93,₹554,4.77,,,3.29,"100 articles, dominant topic: earnings. ITC, Britannia, Tata Consumer shares fall after FSSAI’s red-label proposal; what you need to know - Upstox (bullish signals: outperform, upgrade; bearish signals: downgrade)",Neutral,"Upstox, NDTV Profit, simplywall.st",✓ Attractive PE (17.1x) | ✓ Good dividend yield (5.9%) | ✓ Deeply oversold RSI (21.6),✗ Poor REV GROWTH 4.8% | ✗ Below 200-day MA — long-term trend broken,0,30,15,45,🔎 INVESTIGATE WHY,< ₹443,HOLD
2026-08-31,2026-08,BERGEPAINT,Basic Materials,Specialty Chemicals,QUALITY_GROWTH,Medium,Long-term Growth,"₹58,732 Cr",391.1,497.75,594.55,-16.28%,0.69,-3.44,-3.64,Uptrend,🟡 Consolidating,31.8,0.51,0.7,10.45,48.2,59.31,8.49,0.79,₹261,2.9,,,9.16,"21 articles, dominant topic: dividends. Berger Paints India Limited (NSE:BERGEPAINT) Looks Like A Good Stock, And It's Going Ex-Dividend Soon - simplywall.st (bullish signals: expansion plan; bearish signals: profit falls)",Neutral,"simplywall.st, TradingView, vinanet.vn",✓ Oversold RSI (31.8) — good entry,✗ Poor REV GROWTH 2.9% | ✗ High debt (9.2x) | ✗ Expensive P/B (8.5x),0,8,20,28,❌ WAIT,> ₹287,WATCH
2026-08-31,2026-08,CDSL,Financial Services,Capital Markets,FINANCIAL_CAPITAL_MARKETS,High,Market-sensitive,"₹29,151 Cr",1116.3,1402.5,1673.7,-16.20%,-0.86,1.26,5.21,Strong Uptrend,🟡 Consolidating,62.8,0.91,1.7,22.58,61.77,93.77,14.87,0.92,₹452,5.79,23.91,16.64,0.11,"100 articles, dominant topic: dividends. Should You Buy Central Depository Services (India) Limited (NSE:CDSL) For Its Upcoming Dividend? - simplywall.st (bullish signals: outperform, record high; bearish signals: downgrade, profit falls)",Neutral,"simplywall.st, Business Today, India Infoline",,✗ Expensive PE (61.8x),17,3,10,30,❌ WAIT,> ₹497,WATCH
2026-08-31,2026-08,HAPPSTMNDS,Technology,Information Technology Services,QUALITY_GROWTH,Medium,Long-term Growth,"₹6,701 Cr",330.2,406.95,596,-31.72%,-0.26,-6.72,7.89,Uptrend,🟡 Consolidating,54.1,0.75,1.23,14.8,30.13,117.93,3.78,1.67,₹370,12.34,13.32,,98.7,"30 articles, dominant topic: dividends. HAPPSTMNDS Stock Price and Chart — NSE:HAPPSTMNDS - TradingView (mostly dividends-related coverage, no strong signal)",Neutral,"TradingView, simplywall.st, scanx.trade",✓ Good dividend yield (1.7%),✗ High debt (98.7x),10,22,13,45,❌ WAIT,₹370 – ₹407,HOLD
2026-08-31,2026-08,IEX,Financial Services,Capital Markets,FINANCIAL_CAPITAL_MARKETS,High,Market-sensitive,"₹11,045 Cr",114.6,120.5,160.27,-24.81%,-1.07,-2.04,-8.88,Strong Downtrend,🟡 Consolidating,23.5,1.28,1.21,5.7,21.79,15.25,8.15,3.25,₹114,14.61,,,0.82,"85 articles, dominant topic: earnings. IEX Share Price - Upstox (bullish signals: profit rises)",Neutral,"Upstox, Value Research, simplywall.st",✓ Good dividend yield (3.2%) | ✓ Deeply oversold RSI (23.5),✗ Below 200-day MA — long-term trend broken,5,24,15,44,❌ WAIT,₹114 – ₹125,HOLD
2026-08-31,2026-08,HDFCBANK,Financial Services,Banks - Regional,FINANCIAL_BANK,Medium,Financial,"₹11,21,150 Cr",715.1,709,1020.5,-30.52%,-1.57,-2.74,-5.23,Strong Downtrend,🟠 Volatile,34.5,2.76,1.27,45.78,15.89,393.81,1.85,1.78,₹591,4.73,13.84,1.75,,"72 articles, dominant topic: management. HDFC Bank Share Price - Live NSE: HDFCBANK Stock Price & Chart - Upstox (mostly management-related coverage, no strong signal)",Neutral,"Upstox, The Eastern Herald, Univest",✓ Strong ROA 1.8% | ✓ Oversold RSI (34.5) — good entry,✗ Weak REV GROWTH 4.7% | ✗ Below 200-day MA — long-term trend broken,22,16,10,48,🟠 SMALL BUY,> ₹650,HOLD
2026-08-31,2026-08,GMMPFAUDLR,Industrials,Specialty Industrial Machinery,INDUSTRIAL_CAPEX,High,Cyclical,"₹4,518 Cr",735,1042.45,1307.5,-20.27%,1.53,5.37,20.6,Uptrend,🟡 Consolidating,59.9,0.55,0.89,15.73,63.88,267.92,3.75,0.2,₹315,10.54,,,84.46,"31 articles, dominant topic: dividends. Three Days Left To Buy GMM Pfaudler Limited (NSE:GMMPFAUDLR) Before The Ex-Dividend Date - simplywall.st (mostly dividends-related coverage, no strong signal)",Neutral,"simplywall.st, TradingView, CNBC TV18",,✗ High debt (84.5x) | ✗ Expensive PE (63.9x) | ✗ Expensive P/B (3.8x),5,4,13,22,❌ WAIT,> ₹346,WATCH
2026-08-31,2026-08,TANLA,Technology,Software - Application,QUALITY_GROWTH,Medium,Long-term Growth,"₹6,947 Cr",365.9,530.15,766,-30.79%,-2.59,-6.07,-9.62,Uptrend,🟡 Consolidating,17.4,0.64,1.53,40.19,13.09,187.61,2.8,2.28,"₹1,005",9.68,,,2.12,"50 articles, dominant topic: corporate_actions. TANLA Forecast — Price Target — Prediction for 2027 - TradingView (mostly corporate_actions-related coverage, no strong signal)",Neutral,"TradingView, simplywall.st, Moneycontrol.com",✓ Attractive PE (13.1x) | ✓ Attractive P/B (2.8x) | ✓ Good dividend yield (2.3%) | ✓ Deeply oversold RSI (17.4),✗ Weak REV GROWTH 9.7% | ✗ High debt (2.1x),2,30,25,57,🔎 INVESTIGATE WHY,< ₹804,ACCUMULATE
2026-08-31,2026-08,MUTHOOTFIN,Financial Services,Credit Services,FINANCIAL_NBFC,Medium-High,Financial/Growth,"₹1,28,510 Cr",2604.2,2978.1,4149.5,-28.23%,-3.65,-7.2,-4.54,Strong Downtrend,🟢 Tight Base,54.1,0.83,1.31,300.68,10.65,1011.32,3.17,0.93,"₹1,517",57.67,31.74,6.4,393.56,"34 articles, dominant topic: earnings. Do Muthoot Finance's (NSE:MUTHOOTFIN) Earnings Warrant Your Attention? - simplywall.st (bullish signals: profit rises)",Neutral,"simplywall.st, TradingView, vinanet.vn",✓ Strong ROE 31.7% | ✓ Strong ROA 6.4% | ✓ Strong REV GROWTH 57.7%,✗ Below 200-day MA — long-term trend broken,40,13,3,56,🟢 ACCUMULATE,"> ₹1,669",ACCUMULATE
2026-08-31,2026-08,HINDALCO,Basic Materials,Aluminum,COMMODITY_CYCLICAL,Very High,Cyclical,"₹2,33,749 Cr",697,1015.45,1176,-13.65%,-2.12,-4.07,4.21,Strong Uptrend,🟡 Consolidating,42.4,1.24,0.75,73.68,14.29,615.28,1.71,0.47,₹589,15.03,,,72.6,"100 articles, dominant topic: earnings. HINDALCO Share Price Today - Hindalco Industries on NSE/BSE - scanx.trade (bullish signals: record high, upgrade)",Bullish (4/10),"scanx.trade, The Economic Times, The Eastern Herald",✓ Bullish news signal (4/10) — positive momentum,✗ High debt (72.6x),7,9,17,33,❌ WAIT,> ₹648,WATCH
2026-08-31,2026-08,TATASTEEL,Basic Materials,Steel,COMMODITY_CYCLICAL,Very High,Cyclical,"₹2,34,530 Cr",153.05,184.35,224.4,-17.85%,-1.15,-1.05,-2.82,Strong Downtrend,🟡 Consolidating,39.7,1.46,1.12,8.84,21.27,81.84,2.3,2.13,₹71,6.2,,,89.02,"50 articles, dominant topic: earnings. Tata Steel Limited (NSE:TATASTEEL) Looks Like A Good Stock, And It's Going Ex-Dividend Soon - simplywall.st (bullish signals: profit rises; bearish signals: downgrade)",Neutral,"simplywall.st, TradingView, vinanet.vn",✓ Oversold RSI (39.7) — good entry,✗ High debt (89.0x) | ✗ Expensive PE (21.3x) | ✗ Below 200-day MA — long-term trend broken,3,9,10,22,❌ WAIT,> ₹78,WATCH
2026-08-31,2026-08,MOIL,Basic Materials,Other Industrial Metals & Mining,COMMODITY_CYCLICAL,Very High,Cyclical,"₹5,460 Cr",242.35,247.8,404.9,-38.80%,-4.05,-2.98,-11.83,Strong Downtrend,🟠 Volatile,26.4,3.04,1.06,14.85,18.07,133.1,2.02,5.26,₹119,-7.12,,,,"52 articles, dominant topic: earnings. MOIL 125 Share Price - Upstox (bullish signals: order win, profit rises; bearish signals: penalty)",Neutral,"Upstox, scanx.trade, BW Businessworld",✓ Good dividend yield (5.3%) | ✓ Deeply oversold RSI (26.4),✗ Poor REV GROWTH -7.1% | ✗ Expensive PE (18.1x) | ✗ Below 200-day MA — long-term trend broken,0,11,15,26,❌ WAIT,> ₹131,WATCH
2026-08-31,2026-08,NMDC,Basic Materials,Steel,COMMODITY_CYCLICAL,Very High,Cyclical,"₹77,553 Cr",68.19,88.2,97.49,-9.53%,1.66,2.68,3.72,Strong Uptrend,🟡 Consolidating,59.1,0.86,0.88,8.48,10.4,38.81,2.27,3.97,₹68,34.16,,,18.8,"87 articles, dominant topic: earnings. NMDC Share Price Declines 4% After Q1 Results Disappoint, Citi Cuts Target Price; NMDC Steel Plunges 8% - NDTV Profit (bearish signals: profit falls)",Neutral,"NDTV Profit, simplywall.st, TradingView",✓ Strong REV GROWTH 34.2%,✗ High debt (18.8x),10,15,13,38,❌ WAIT,> ₹75,HOLD
2026-08-31,2026-08,MOTILALOFS,Financial Services,Capital Markets,FINANCIAL_CAPITAL_MARKETS,High,Market-sensitive,"₹60,907 Cr",614.9,1042.9,1097.1,-4.94%,0.44,5.34,22.41,Strong Uptrend,🟡 Consolidating,88.8,0.51,1.78,32.27,31.34,214.14,4.72,1.11,₹645,27.63,,,165.8,"22 articles, dominant topic: dividends. With 74% ownership, Motilal Oswal Financial Services Limited (NSE:MOTILALOFS) insiders have a lot riding on the company's future - simplywall.st (mostly dividends-related coverage, no strong signal)",Neutral,"simplywall.st, vinanet.vn, Univest",✓ Strong REV GROWTH 27.6%,✗ Overbought RSI (88.8) — wait,8,13,10,31,❌ WAIT,> ₹710,WATCH
2026-08-31,2026-08,HDFCLIFE,Financial Services,Insurance - Life,FINANCIAL_INSURANCE,Low-Medium,Defensive,"₹1,18,740 Cr",530.5,543.35,803,-32.33%,-0.85,-1.74,-0.94,Strong Downtrend,🟡 Consolidating,56.1,1.18,0.9,9.12,59.95,89.8,6.09,0.38,₹180,1.71,10.83,0.38,15.88,"37 articles, dominant topic: earnings. Is It Smart To Buy HDFC Life Insurance Company Limited (NSE:HDFCLIFE) Before It Goes Ex-Dividend? - simplywall.st (bearish signals: downgrade)",Neutral,"simplywall.st, TradingView, vinanet.vn",,✗ Poor REV GROWTH 1.7% | ✗ Expensive P/B (6.1x) | ✗ Below 200-day MA — long-term trend broken,8,2,3,13,❌ WAIT,> ₹198,AVOID
2026-08-31,2026-08,CAMS,Technology,Information Technology Services,FINANCIAL_CAPITAL_MARKETS,High,Market-sensitive,"₹18,621 Cr",611.4,782,844.9,-7.44%,2.62,3.99,-1.46,Strong Uptrend,🟠 Volatile,48.6,2.53,1.25,19.85,37.78,53.27,14.08,1.7,₹397,6.59,,,4.86,"51 articles, dominant topic: corporate_actions. Computer Age Management Services Limited (NSE:CAMS) Will Pay A ₹2.50 Dividend In Three Days - simplywall.st (mostly corporate_actions-related coverage, no strong signal)",Neutral,"simplywall.st, TradingView, The Economic Times",✓ Volume spike 2.5x on uptrend,,2,13,20,35,❌ WAIT,> ₹437,HOLD
2026-08-31,2026-08,TRENT,Consumer Cyclical,Apparel Retail,CONSUMER_DISCRETIONARY,Medium-High,Growth/Cyclical,"₹1,56,237 Cr",2183.6667,2879.9,5674,-49.24%,-0.62,-0.86,-4.19,Strong Downtrend,🟡 Consolidating,27.8,0.96,1.27,33.7,86.94,130.99,22.37,0.14,₹674,17.64,,,36.03,"100 articles, dominant topic: earnings. Trent down over 2% after Q1; brokerages bullish, see up to 21% upside - Business Standard (bullish signals: expansion plan; bearish signals: misses estimates)",Neutral,"Business Standard, India Infoline, Moneycontrol.com",✓ Strong REV GROWTH 17.6% | ✓ Deeply oversold RSI (27.8),✗ High debt (36.0x) | ✗ Expensive PE (86.9x) | ✗ Expensive P/B (22.4x),8,3,15,26,❌ WAIT,> ₹741,WATCH
2026-08-31,2026-08,TITAN,Consumer Cyclical,Luxury Goods,CONSUMER_DISCRETIONARY,Medium-High,Growth/Cyclical,"₹4,54,730 Cr",3303.1,5102.4,5168,-1.27%,-1.29,0.46,4.66,Strong Uptrend,🟡 Consolidating,46.4,0.73,1.05,65.1,78.72,176.88,28.97,0.3,"₹1,302",44.79,,,195,"100 articles, dominant topic: earnings. Why You Might Be Interested In Titan Company Limited (NSE:TITAN) For Its Upcoming Dividend - simplywall.st (bullish signals: beats estimates, outperform, profit rises; bearish signals: profit falls)",Bullish (9/10),"simplywall.st, Business Standard, Moneycontrol.com",✓ Strong REV GROWTH 44.8% | ✓ Bullish news signal (9/10) — positive momentum,✗ High debt (195.0x) | ✗ Expensive PE (78.7x) | ✗ Expensive P/B (29.0x),8,3,19,30,❌ WAIT,"> ₹1,432",WATCH
2026-08-31,2026-08,TATAELXSI,Technology,Software - Application,QUALITY_GROWTH,Medium,Long-term Growth,"₹22,838 Cr",3353.9,3578.6,5950,-39.86%,-2.89,-2.58,-2.57,Strong Downtrend,🟡 Consolidating,30.3,0.91,1.08,103.96,35.26,488.2,7.51,2.04,"₹2,599",0.76,,,5.34,"22 articles, dominant topic: dividends. Just Three Days Till Tata Elxsi Limited (NSE:TATAELXSI) Will Be Trading Ex-Dividend - simplywall.st (mostly dividends-related coverage, no strong signal)",Neutral,"simplywall.st, TradingView, Upstox",✓ Good dividend yield (2.0%) | ✓ Oversold RSI (30.3) — good entry,✗ Poor REV GROWTH 0.8% | ✗ High debt (5.3x) | ✗ Below 200-day MA — long-term trend broken,0,14,10,24,❌ WAIT,"> ₹2,859",WATCH
2026-08-31,2026-08,TATAPOWER,Utilities,Utilities - Independent Power Producers,INDUSTRIAL_CAPEX,High,Cyclical,"₹1,16,310 Cr",342.5,347,464.9,-25.36%,-1.38,-7.1,-8.85,Strong Downtrend,🟡 Consolidating,8.4,1.26,0.76,12.08,30.13,123.54,2.95,0.69,₹242,-4.8,,,168.05,"43 articles, dominant topic: earnings. Tata Power's (NSE:TATAPOWER) Problems Go Beyond Weak Profit - simplywall.st (mostly earnings-related coverage, no strong signal)",Neutral,"simplywall.st, TradingView, Business Standard",✓ Deeply oversold RSI (8.4),✗ Poor REV GROWTH -4.8% | ✗ High debt (168.1x) | ✗ Below 200-day MA — long-term trend broken,0,11,15,26,❌ WAIT,> ₹266,WATCH
2026-08-31,2026-08,VOLTAS,Consumer Cyclical,"Furnishings, Fixtures & Appliances",CONSUMER_DISCRETIONARY,Medium-High,Growth/Cyclical,"₹40,269 Cr",1186.8,1194.4,1582.5,-24.52%,-0.47,-3.83,-10.12,Strong Downtrend,🟡 Consolidating,30.1,1.3,1.16,13.55,89.82,192.7,6.32,0.33,₹271,-7.82,,,15.51,"55 articles, dominant topic: earnings. Voltas shares decline 4% as company flags softer Q2 FY27 outlook, commodity and currency risks - Upstox (bullish signals: upgrade; bearish signals: downgrade, show cause notice)",Neutral,"Upstox, Yahoo Finance, simplywall.st",✓ Oversold RSI (30.1) — good entry,✗ Poor REV GROWTH -7.8% | ✗ High debt (15.5x) | ✗ Expensive PE (89.8x),0,3,10,13,❌ WAIT,> ₹298,AVOID
2026-08-31,2026-08,TATACONSUM,Consumer Defensive,Packaged Foods,CONSUMER_STAPLES,Low,Defensive,"₹1,03,630 Cr",1007.2,1037.5,1282.7,-19.12%,-0.31,-2.35,-4.21,Strong Downtrend,🟡 Consolidating,35.3,1.3,0.59,16.54,63.31,220.17,4.76,0.96,₹579,15.21,,,12.16,"42 articles, dominant topic: earnings. Here's What We Like About Tata Consumer Products' (NSE:TATACONSUM) Upcoming Dividend - simplywall.st (bullish signals: profit rises)",Neutral,"simplywall.st, TradingView, ICICI Direct",✓ Strong REV GROWTH 15.2% | ✓ Oversold RSI (35.3) — good entry,✗ Below 200-day MA — long-term trend broken,8,10,10,28,❌ WAIT,> ₹637,WATCH
2026-08-31,2026-08,KOTAKBANK,Financial Services,Banks - Regional,FINANCIAL_BANK,Medium,Financial,"₹3,99,498 Cr",345.5,419.4,453.2,-7.46%,-1.01,4.47,7.46,Uptrend,🟡 Consolidating,73.6,1.57,1.03,20.46,19.63,182.2,2.2,0.16,₹273,-0.26,,,,"51 articles, dominant topic: corporate_actions. Here's Why Kotak Mahindra Bank (NSE:KOTAKBANK) Has Caught The Eye Of Investors - simplywall.st (bullish signals: profit rises, record high)",Bullish (2/10),"simplywall.st, TradingView, Univest",✓ Bullish news signal (2/10) — positive momentum,✗ Poor REV GROWTH -0.3% | ✗ High RSI (73.6),0,10,11,21,❌ WAIT,> ₹301,WATCH
2026-08-31,2026-08,DEEPAKNTR,Basic Materials,Chemicals,QUALITY_GROWTH,Medium,Long-term Growth,"₹23,882 Cr",1280,1749.4,1904.4,-8.14%,-0.77,1.1,5.25,Strong Uptrend,🟡 Consolidating,44.2,0.42,0.95,56.93,30.76,427.94,4.09,0.43,"₹1,423",-4.08,,,27.9,"16 articles, dominant topic: general. DEEPAKNTR Forecast — Price Target — Prediction for 2027 - TradingView (mostly general-related coverage, no strong signal)",Neutral,"TradingView, simplywall.st, Univest",,✗ Poor REV GROWTH -4.1% | ✗ High debt (27.9x),0,17,15,32,❌ WAIT,"> ₹1,566",WATCH
2026-08-31,2026-08,BAJFINANCE,Financial Services,Credit Services,FINANCIAL_NBFC,Medium-High,Financial/Growth,"₹6,76,462 Cr",787.9,1057,1176.4,-10.15%,-2.12,-1.86,-7.38,Uptrend,🟡 Consolidating,32.4,1.28,1.52,32.53,33.43,183.34,5.93,0.5,₹275,19.73,,,314.83,"39 articles, dominant topic: earnings. Here's Why We Think Bajaj Finance (NSE:BAJFINANCE) Is Well Worth Watching - simplywall.st (mostly earnings-related coverage, no strong signal)",Neutral,"simplywall.st, TradingView, vinanet.vn",✓ Strong REV GROWTH 19.7% | ✓ Oversold RSI (32.4) — good entry,✗ Expensive P/B (5.9x),6,8,20,34,❌ WAIT,> ₹303,WATCH
2026-08-31,2026-08,ADANIPORTS,Industrials,Marine Shipping,INDUSTRIAL_CAPEX,High,Cyclical,"₹3,89,715 Cr",1292,1593.1,1891.1,-15.76%,-6.7,-4.72,-6.09,Downtrend,🟠 Volatile,37.5,4.3,1.37,58.57,28.88,416.5,4.06,0.44,"₹1,171",27.11,,,64.05,"50 articles, dominant topic: earnings. Adani Port Share Price - Live NSE: ADANIPORTS Stock Price & Chart - Upstox (mostly earnings-related coverage, no strong signal)",Neutral,"Upstox, simplywall.st, TradingView",✓ Strong REV GROWTH 27.1% | ✓ Oversold RSI (37.5) — good entry,✗ High debt (64.0x) | ✗ Expensive P/B (4.1x) | ✗ Below 200-day MA — long-term trend broken,10,13,10,33,❌ WAIT,"> ₹1,289",WATCH
2026-08-31,2026-08,JKCEMENT,Basic Materials,Building Materials,INDUSTRIAL_CAPEX,High,Cyclical,"₹40,774 Cr",4671.5,5133,7124.5,-27.95%,-0.69,-1.58,-5.71,Strong Downtrend,🟡 Consolidating,30.7,1.85,1.18,122.14,43.2,910.76,5.79,0.38,"₹2,443",16.51,,,87.52,"16 articles, dominant topic: earnings. Should You Be Adding J.K. Cement (NSE:JKCEMENT) To Your Watchlist Today? - simplywall.st (mostly earnings-related coverage, no strong signal)",Neutral,"simplywall.st, TradingView, Univest",✓ Strong REV GROWTH 16.5% | ✓ Oversold RSI (30.7) — good entry,✗ High debt (87.5x) | ✗ Expensive PE (43.2x) | ✗ Expensive P/B (5.8x),8,4,10,22,❌ WAIT,"> ₹2,687",WATCH
2026-08-31,2026-08,SIEMENS,Industrials,Specialty Industrial Machinery,INDUSTRIAL_CAPEX,High,Cyclical,"₹1,43,980 Cr",2826,4030,4149.4,-2.88%,-1.44,-2.04,7.18,Strong Uptrend,🟡 Consolidating,51.6,0.49,1.12,47.45,85.21,388.64,10.4,0.45,₹949,16.24,,,2.21,"59 articles, dominant topic: earnings. Siemens Share Price - Upstox (bullish signals: profit rises)",Neutral,"Upstox, TradingView, simplywall.st",✓ Strong REV GROWTH 16.2%,✗ High debt (2.2x) | ✗ Expensive PE (85.2x) | ✗ Expensive P/B (10.4x),9,4,13,26,❌ WAIT,"> ₹1,044",WATCH
2026-08-31,2026-08,HINDZINC,Basic Materials,Other Industrial Metals & Mining,COMMODITY_CYCLICAL,Very High,Cyclical,"₹2,50,392 Cr",418,595.45,733,-18.77%,-4.27,-1.42,10.43,Uptrend,🟠 Volatile,52.3,1.13,1.06,41.01,14.45,53.56,11.07,3.48,₹328,18.62,,,39.03,"49 articles, dominant topic: dividends. Hindustan Zinc Share Price Today, August 24, 2026: Closes at ₹604 - The Eastern Herald (bullish signals: record high; bearish signals: stake sale)",Neutral,"The Eastern Herald, simplywall.st, CNBC TV18",,✗ High debt (39.0x) | ✗ Expensive P/B (11.1x),7,9,13,29,❌ WAIT,> ₹361,WATCH
2026-08-31,2026-08,APARINDS,Industrials,Electrical Equipment & Parts,INDUSTRIAL_CAPEX,High,Cyclical,"₹71,447 Cr",6801,17702,18465,-4.13%,-0.57,5.97,23.38,Strong Uptrend,🟡 Consolidating,58.2,0.51,1.29,294.12,58.01,1342.64,12.71,0.35,"₹5,882",23.35,,,17.72,"25 articles, dominant topic: earnings. Apar Industries Share Price - Live NSE: APARINDS Stock Price & Chart - Upstox (bullish signals: profit rises)",Neutral,"Upstox, simplywall.st, vinanet.vn",✓ Strong REV GROWTH 23.4%,✗ High debt (17.7x) | ✗ Expensive PE (58.0x) | ✗ Expensive P/B (12.7x),10,4,13,27,❌ WAIT,"> ₹6,471",WATCH
2026-08-31,2026-08,SONATSOFTW,Technology,Information Technology Services,QUALITY_GROWTH,Medium,Long-term Growth,"₹8,261 Cr",207.15,292.05,421.5,-30.71%,-4.12,-4.79,-9.08,Downtrend,🟠 Volatile,26.3,0.9,1.6,16.87,17.69,68.81,4.34,2.58,₹422,5.34,,,37.96,"13 articles, dominant topic: dividends. Sonata Software Share Price - Live NSE: SONATSOFTW Stock Price & Chart - Upstox (mostly dividends-related coverage, no strong signal)",Neutral,"Upstox, simplywall.st, moneymunch.com",✓ Attractive PE (17.7x) | ✓ Good dividend yield (2.6%) | ✓ Deeply oversold RSI (26.3),✗ Weak REV GROWTH 5.3% | ✗ High debt (38.0x) | ✗ Below 200-day MA — long-term trend broken,2,27,15,44,🔎 INVESTIGATE WHY,< ₹337,HOLD
2026-08-31,2026-08,ETERNAL,Consumer Cyclical,Internet Retail,CONSUMER_DISCRETIONARY,Medium-High,Growth/Cyclical,"₹3,04,699 Cr",212.6,328.1,368.45,-10.95%,0.03,0.29,8.48,Strong Uptrend,🟣 Breakout,64.9,7.27,1.41,0.46,719.57,33.83,9.78,,₹9,168.56,,,14.83,"100 articles, dominant topic: earnings. Eternal Shares Decline 2.26% in Early Trade on NSE - Moneycontrol.com (bullish signals: record high; bearish signals: resigns)",Neutral,"Moneycontrol.com, simplywall.st, Business Standard",✓ Strong REV GROWTH 168.6% | ✓ Volume spike 7.3x on uptrend,✗ High debt (14.8x) | ✗ Expensive PE (719.6x) | ✗ Expensive P/B (9.8x),8,3,15,26,❌ WAIT,> ₹10,WATCH
2026-08-31,2026-08,VAIBHAVGBL,Consumer Cyclical,Luxury Goods,CONSUMER_DISCRETIONARY,Medium-High,Growth/Cyclical,"₹3,702 Cr",174.13,219.1,293.25,-25.29%,-1.11,-0.18,-17.22,Downtrend,🟡 Consolidating,27.6,0.45,1.68,16.84,13.14,98.66,2.24,2.73,₹337,9.39,,,25.23,"13 articles, dominant topic: dividends. Does Vaibhav Global (NSE:VAIBHAVGBL) Deserve A Spot On Your Watchlist? - simplywall.st (mostly dividends-related coverage, no strong signal)",Neutral,"simplywall.st, vinanet.vn, HDFC Sky",✓ Attractive PE (13.1x) | ✓ Attractive P/B (2.2x) | ✓ Good dividend yield (2.7%) | ✓ Deeply oversold RSI (27.6),✗ High debt (25.2x) | ✗ Below 200-day MA — long-term trend broken,3,30,15,48,🔎 INVESTIGATE WHY,< ₹269,HOLD
2026-08-31,2026-08,VGUARD,Industrials,Electrical Equipment & Parts,INDUSTRIAL_CAPEX,High,Cyclical,"₹14,535 Cr",288.8,346.35,392.2,-11.69%,3.93,4.46,10.13,Uptrend,🟡 Consolidating,65.8,1.52,0.67,8.3,40.08,54.33,6.12,0.45,₹166,6.89,,,6.96,"12 articles, dominant topic: dividends. Should You Buy V-Guard Industries Limited (NSE:VGUARD) For Its Upcoming Dividend? - simplywall.st (mostly dividends-related coverage, no strong signal)",Neutral,"simplywall.st, TradingView, Upstox",,✗ Weak REV GROWTH 6.9% | ✗ High debt (7.0x) | ✗ Expensive PE (40.1x),2,4,10,16,❌ WAIT,> ₹183,AVOID
2026-08-31,2026-08,AMRUTANJAN,Healthcare,Drug Manufacturers - Specialty & Generic,QUALITY_GROWTH,Medium,Long-term Growth,"₹1,512 Cr",482.8,509.35,790.95,-35.60%,-0.95,-2.44,-1.1,Strong Downtrend,🟡 Consolidating,41.7,0.41,0.48,18.66,28.04,128.04,4.09,1.44,₹466,11.23,,,0.48,"24 articles, dominant topic: corporate_actions. Individual investors who hold 31% of Amrutanjan Health Care Limited (NSE:AMRUTANJAN) gained 10%, insiders profited as well - simplywall.st (mostly corporate_actions-related coverage, no strong signal)",Neutral,"simplywall.st, Univest, scanx.trade",,✗ Below 200-day MA — long-term trend broken,8,19,5,32,❌ WAIT,₹466 – ₹513,WATCH
2026-08-31,2026-08,INDIGRID,,,DEFAULT,,,"₹13,342 Cr",159.35,174.19,180.9,-3.71%,-0.37,-1.07,-0.06,Uptrend,🔵 Pullback,47.4,0.6,0.13,,22.41,63.75,2.2,,₹155,45.04,,,,"23 articles, dominant topic: acquisitions. Can Indigrid Infrastructure Trust (NSE:INDIGRID) Improve Its Returns? - simplywall.st (mostly acquisitions-related coverage, no strong signal)",Neutral,"simplywall.st, Univest, TradingView",✓ Strong REV GROWTH 45.0%,,10,16,15,41,❌ WAIT,> ₹171,HOLD
2026-08-31,2026-08,FINCABLES,Industrials,Electrical Equipment & Parts,INDUSTRIAL_CAPEX,High,Cyclical,"₹19,673 Cr",700.8,1247.15,1374,-9.23%,-3.91,-3.44,26.28,Strong Uptrend,🟡 Consolidating,54.8,0.53,0.99,52.28,24.61,397.81,3.23,0.62,"₹1,046",18.84,,,0.31,"20 articles, dominant topic: dividends. Analysts Are Betting On Finolex Cables Limited (NSE:FINCABLES) With A Big Upgrade This Week - simplywall.st (bullish signals: upgrade)",Neutral,"simplywall.st, TradingView, vinanet.vn",✓ Strong REV GROWTH 18.8%,✗ Expensive P/B (3.2x),11,13,13,37,❌ WAIT,"> ₹1,150",HOLD
2026-08-31,2026-08,VEDL,Basic Materials,Other Industrial Metals & Mining,COMMODITY_CYCLICAL,Very High,Cyclical,"₹1,07,382 Cr",249.7,278.2,795,-65.01%,-3.39,0.43,5.28,Downtrend,🟢 Tight Base,52.2,1.16,1.21,22.6,12.17,127.16,2.16,12.27,₹181,24.46,,,48.04,"46 articles, dominant topic: corporate_actions. Vedanta Share Price - Live NSE: VEDL Stock Price & Chart - Upstox (mostly corporate_actions-related coverage, no strong signal)",Neutral,"Upstox, simplywall.st, NiftyTrader",✓ Strong REV GROWTH 24.5% | ✓ Good dividend yield (12.3%),✗ High debt (48.0x) | ✗ Below 200-day MA — long-term trend broken,10,14,3,27,❌ WAIT,> ₹199,WATCH
2026-08-31,2026-08,NESTLEIND,Consumer Defensive,Packaged Foods,CONSUMER_STAPLES,Low,Defensive,"₹2,80,493 Cr",1145,1496.5,1553,-3.64%,2.88,1.71,-0.87,Strong Uptrend,🟢 Tight Base,50.9,1.29,0.54,19.72,73.76,26.74,54.39,0.82,₹690,19.58,,,8.62,"41 articles, dominant topic: corporate_actions. NESTLEIND Forecast — Price Target — Prediction for 2027 - TradingView (mostly corporate_actions-related coverage, no strong signal)",Neutral,"TradingView, simplywall.st, vinanet.vn",✓ Strong REV GROWTH 19.6%,✗ Expensive PE (73.8x),8,7,13,28,❌ WAIT,> ₹759,WATCH
2026-08-31,2026-08,JKPAPER,Basic Materials,Paper & Paper Products,COMMODITY_CYCLICAL,Very High,Cyclical,"₹7,190 Cr",304.85,396.25,444.8,-10.92%,1.2,0.75,2.52,Strong Uptrend,🟡 Consolidating,57.3,0.87,0.91,17.46,22.71,304.3,1.3,1.01,₹140,6.1,,,44.54,"11 articles, dominant topic: dividends. Is It Smart To Buy JK Paper Limited (NSE:JKPAPER) Before It Goes Ex-Dividend? - simplywall.st (mostly dividends-related coverage, no strong signal)",Neutral,"simplywall.st, Univest, scanx.trade",,✗ High debt (44.5x) | ✗ Expensive PE (22.7x),3,12,13,28,❌ WAIT,> ₹154,WATCH
2026-08-31,2026-08,EXIDEIND,Consumer Cyclical,Auto Parts,CONSUMER_DISCRETIONARY,Medium-High,Growth/Cyclical,"₹37,740 Cr",287,440.25,496.4,-11.31%,-0.98,-2.88,-2.12,Strong Uptrend,🟡 Consolidating,23.3,0.75,1.15,10.95,40.55,163.59,2.71,0.45,₹219,4.45,,,11.31,"27 articles, dominant topic: earnings. Exide Industries Limited (NSE:EXIDEIND) Looks Interesting, And It's About To Pay A Dividend - simplywall.st (bullish signals: profit rises)",Neutral,"simplywall.st, TradingView, vinanet.vn",✓ Attractive P/B (2.7x) | ✓ Deeply oversold RSI (23.3),✗ Poor REV GROWTH 4.5% | ✗ High debt (11.3x) | ✗ Expensive PE (40.5x),0,9,25,34,❌ WAIT,> ₹241,WATCH
2026-08-31,2026-08,IDFCFIRSTB,Financial Services,Banks - Regional,FINANCIAL_BANK,Medium,Financial,"₹73,285 Cr",58.08,85.97,88.76,-3.14%,3.43,0.09,1.82,Strong Uptrend,🟡 Consolidating,56.8,1.67,1.25,2.59,32.82,55.11,1.54,0.29,₹83,11.53,,,,"28 articles, dominant topic: earnings. IDFCFIRSTB Forecast — Price Target — Prediction for 2027 - TradingView (mostly earnings-related coverage, no strong signal)",Neutral,"TradingView, simplywall.st, Univest",,,7,10,13,30,❌ WAIT,₹83 – ₹91,WATCH
2026-08-31,2026-08,GEOJITFSL,Financial Services,Capital Markets,FINANCIAL_CAPITAL_MARKETS,High,Market-sensitive,"₹2,251 Cr",50.86,83.32,85.39,-2.42%,-0.45,0.41,9.11,Strong Uptrend,🟡 Consolidating,72.2,1.08,1.21,2.53,31.87,43.03,1.87,1.81,₹51,-9.88,,,9.47,"10 articles, dominant topic: dividends. Insiders were the biggest winners as Geojit Financial Services Limited's (NSE:GEOJITFSL) market cap grew by ₹2.7b last week - simplywall.st (mostly dividends-related coverage, no strong signal)",Neutral,"simplywall.st, TradingView, Upstox",,✗ Poor REV GROWTH -9.9% | ✗ High RSI (72.2),0,13,10,23,❌ WAIT,> ₹56,WATCH
2026-08-31,2026-08,AARTIIND,Basic Materials,Specialty Chemicals,QUALITY_GROWTH,Medium,Long-term Growth,"₹19,547 Cr",338.05,524.4,551.75,-4.96%,-2.95,-3.45,7.22,Strong Uptrend,🟡 Consolidating,58.6,0.45,1.5,14.61,36.89,164.74,3.27,0.19,₹365,13.99,,,83.39,"16 articles, dominant topic: general. AARTIIND Forecast — Price Target — Prediction for 2027 - TradingView (mostly general-related coverage, no strong signal)",Neutral,"TradingView, simplywall.st, Univest",,✗ High debt (83.4x),5,12,13,30,❌ WAIT,> ₹402,WATCH
2026-08-31,2026-08,NATIONALUM,Basic Materials,Aluminum,COMMODITY_CYCLICAL,Very High,Cyclical,"₹73,337 Cr",183.86,381.5,445.15,-14.30%,-3.41,-5.41,9.26,Strong Uptrend,🟡 Consolidating,48.1,1.43,0.59,36.76,10.86,117.65,3.39,1,₹294,6.4,,,0.28,"33 articles, dominant topic: dividends. National Aluminium Company Limited (NSE:NATIONALUM) Looks Like A Good Stock, And It's Going Ex-Dividend Soon - simplywall.st (bullish signals: profit rises, record high)",Bullish (2/10),"simplywall.st, TradingView, vinanet.vn",✓ Very low debt (0.3x) | ✓ Bullish news signal (2/10) — positive momentum,✗ Expensive P/B (3.4x),18,10,16,44,❌ WAIT,> ₹323,HOLD
2026-08-31,2026-08,BAJAJFINSV,Financial Services,Financial Conglomerates,FINANCIAL_NBFC,Medium-High,Financial/Growth,"₹3,20,689 Cr",1597,2021,2195,-7.93%,0.95,0.96,-0.4,Strong Uptrend,🟡 Consolidating,45.8,0.73,1.29,63.25,31.68,487.35,4.11,0.06,₹731,13.63,,,256.4,"25 articles, dominant topic: earnings. Bajaj Finserv Ltd. Just Beat Analyst Forecasts, And Analysts Have Been Updating Their Predictions - simplywall.st (bearish signals: downgrade)",Neutral,"simplywall.st, TradingView, Univest",,✗ Expensive P/B (4.1x),4,3,15,22,❌ WAIT,> ₹804,WATCH
2026-08-31,2026-08,MOTHERSON,Consumer Cyclical,Auto Parts,CONSUMER_DISCRETIONARY,Medium-High,Growth/Cyclical,"₹1,75,292 Cr",91.1,170.68,173.27,-1.49%,3.07,0.99,13.22,Strong Uptrend,🟡 Consolidating,54,0.98,1.57,4.16,40.01,38.91,4.28,0.3,₹83,11.09,,,43.91,"70 articles, dominant topic: dividends. MOTHERSON Share Price Today - Samvardhana Motherson International on NSE/BSE - scanx.trade (bullish signals: outperform, profit rises, record high)",Bullish (5/10),"scanx.trade, simplywall.st, TradingView",✓ Strong REV GROWTH 11.1% | ✓ Bullish news signal (5/10) — positive momentum,✗ High debt (43.9x) | ✗ Expensive PE (40.0x),6,6,15,27,❌ WAIT,> ₹92,WATCH
2026-08-31,2026-08,APLAPOLLO,Basic Materials,Steel,COMMODITY_CYCLICAL,Very High,Cyclical,"₹59,946 Cr",1578,2223.4,2301.4,-3.39%,-1.86,3.66,22.2,Uptrend,🟡 Consolidating,80.7,1.75,1.16,44.28,48.76,190.73,11.32,0.39,₹354,11.95,,,9.4,"22 articles, dominant topic: dividends. APLAPOLLO Forecast — Price Target — Prediction for 2027 - TradingView (bullish signals: upgrade)",Neutral,"TradingView, simplywall.st, Univest",,✗ High debt (9.4x) | ✗ Expensive PE (48.8x) | ✗ Expensive P/B (11.3x),7,3,10,20,❌ WAIT,> ₹390,WATCH
2026-08-31,2026-08,TARSONS,Healthcare,Medical Instruments & Supplies,QUALITY_GROWTH,Medium,Long-term Growth,"₹1,838 Cr",164.45,331.65,375,-11.56%,-0.18,-4.38,5.42,Strong Uptrend,🟡 Consolidating,63,0.08,1.21,2.07,166.91,119.92,2.88,,₹52,7.67,,,61.91,"35 articles, dominant topic: earnings. Is Tarsons Products (NSE:TARSONS) A Risky Investment? - simplywall.st (mostly earnings-related coverage, no strong signal)",Neutral,"simplywall.st, Moneycontrol.com, TradingView",✓ Attractive P/B (2.9x),✗ Weak REV GROWTH 7.7% | ✗ High debt (61.9x) | ✗ Expensive PE (166.9x),2,12,10,24,❌ WAIT,> ₹57,WATCH
2026-08-31,2026-08,INDIGOPNTS,Basic Materials,Specialty Chemicals,QUALITY_GROWTH,Medium,Long-term Growth,"₹5,422 Cr",708.05,1152.9,1345.9,-14.34%,0.1,0.91,3.7,Strong Uptrend,🟡 Consolidating,57,0.22,1.24,33.86,33.55,242.13,4.69,0.44,₹846,4.82,,,1.83,"31 articles, dominant topic: dividends. Why You Might Be Interested In Indigo Paints Limited (NSE:INDIGOPNTS) For Its Upcoming Dividend - simplywall.st (mostly dividends-related coverage, no strong signal)",Neutral,"simplywall.st, Upstox, TradingView",,✗ Poor REV GROWTH 4.8% | ✗ High debt (1.8x),0,17,13,30,❌ WAIT,> ₹931,WATCH
2026-08-31,2026-08,PAGEIND,Consumer Cyclical,Apparel Manufacturing,CONSUMER_DISCRETIONARY,Medium-High,Growth/Cyclical,"₹39,596 Cr",29805,35800,46890,-23.65%,-0.51,0.67,-10.84,Downtrend,🟡 Consolidating,31.2,0.84,0.69,677.67,52.39,1347.15,26.35,2.25,"₹13,553",6.4,,,18.42,"28 articles, dominant topic: dividends. Page Industries Share Price - Live NSE: PAGEIND Stock Price & Chart - Upstox (mostly dividends-related coverage, no strong signal)",Neutral,"Upstox, simplywall.st, TradingView",✓ Good dividend yield (2.2%) | ✓ Oversold RSI (31.2) — good entry,✗ High debt (18.4x) | ✗ Expensive PE (52.4x) | ✗ Expensive P/B (26.4x),3,8,10,21,❌ WAIT,"> ₹14,909",WATCH
2026-08-31,2026-08,IRCTC,Consumer Cyclical,Travel Services,CONSUMER_DISCRETIONARY,Medium-High,Growth/Cyclical,"₹38,604 Cr",481,481.25,739,-34.88%,-0.91,-0.39,-1.75,Strong Downtrend,🟡 Consolidating,20.4,0.69,1.08,17.39,27.75,53.86,8.96,1.97,₹348,11.55,,,1.87,"100 articles, dominant topic: earnings. IRCTC fined ₹5.31 lakh each by BSE and NSE for board non-compliance - scanx.trade (bullish signals: profit rises; bearish signals: stake sale)",Neutral,"scanx.trade, TradingView, Upstox",✓ Strong REV GROWTH 11.6% | ✓ Good dividend yield (2.0%) | ✓ Deeply oversold RSI (20.4),✗ High debt (1.9x) | ✗ Expensive P/B (9.0x) | ✗ Below 200-day MA — long-term trend broken,6,18,15,39,❌ WAIT,> ₹383,HOLD
2026-08-31,2026-08,INDHOTEL,Consumer Cyclical,Lodging,CONSUMER_DISCRETIONARY,Medium-High,Growth/Cyclical,"₹1,04,300 Cr",565,737.9,792.55,-6.90%,4.46,1.23,-0.09,Strong Uptrend,🟣 Breakout,58.2,3.26,1.36,15.04,47.94,91.7,7.86,0.45,₹301,15.74,,,18.99,"27 articles, dominant topic: dividends. Indian Hotels Co Ltd (INDHOTEL) Share Price - Business Today (mostly dividends-related coverage, no strong signal)",Neutral,"Business Today, simplywall.st, TradingView",✓ Strong REV GROWTH 15.7% | ✓ Volume spike 3.3x on uptrend,✗ High debt (19.0x) | ✗ Expensive PE (47.9x) | ✗ Expensive P/B (7.9x),8,3,18,29,❌ WAIT,> ₹331,WATCH
2026-08-31,2026-08,NCC,Industrials,Engineering & Construction,INDUSTRIAL_CAPEX,High,Cyclical,"₹9,242 Cr",130,148.37,222.31,-33.26%,-0.02,0.69,6.79,Downtrend,🟡 Consolidating,60.8,0.53,1.32,11.23,13.11,125.33,1.17,1.49,₹225,-5.6,,,57.39,"51 articles, dominant topic: earnings. Where Will NCC Share Price be in the Next 3 Years? - Equitymaster (bullish signals: order win, profit rises)",Bullish (2/10),"Equitymaster, Moneycontrol.com, simplywall.st",✓ Attractive PE (13.1x) | ✓ Attractive P/B (1.2x) | ✓ Bullish news signal (2/10) — positive momentum,✗ Poor REV GROWTH -5.6% | ✗ High debt (57.4x) | ✗ Below 200-day MA — long-term trend broken,0,28,1,29,🔎 INVESTIGATE WHY,< ₹180,WATCH
2026-08-31,2026-08,SAIL,Basic Materials,Steel,COMMODITY_CYCLICAL,Very High,Cyclical,"₹80,504 Cr",118.1,195,209.7,-7.01%,-2.5,8.54,15.36,Strong Uptrend,🟡 Consolidating,69.6,0.87,0.94,10.36,18.81,146,1.33,1.21,₹83,8.13,,,52.9,"82 articles, dominant topic: earnings. SAIL Share Price - Upstox (bearish signals: downgrade, profit falls)",Bearish (2/10),"Upstox, TradingView, simplywall.st",,✗ High debt (52.9x) | ✗ Expensive PE (18.8x) | ✗ Bearish news signal (2/10) — negative momentum,3,12,9,24,❌ WAIT,> ₹91,WATCH
2026-08-31,2026-08,CASTROLIND,Energy,Oil & Gas Refining & Marketing,COMMODITY_CYCLICAL,Very High,Cyclical,"₹18,485 Cr",170.1,184.49,210.75,-12.46%,-0.4,-1.27,2.94,Strong Uptrend,🟡 Consolidating,39.1,0.65,0.32,10.73,17.42,19.27,9.7,6.69,₹86,6.63,57,24.88,2.78,"23 articles, dominant topic: dividends. Castrol India Share Price - Live NSE: CASTROLIND Stock Price & Chart - Upstox (mostly dividends-related coverage, no strong signal)",Neutral,"Upstox, simplywall.st, TradingView",✓ Strong ROE 57.0% | ✓ Good dividend yield (6.7%) | ✓ Oversold RSI (39.1) — good entry,✗ High debt (2.8x) | ✗ Expensive P/B (9.7x),18,11,20,49,❌ WAIT,> ₹94,HOLD
2026-08-31,2026-08,HDFCAMC,Financial Services,Asset Management,FINANCIAL_CAPITAL_MARKETS,High,Market-sensitive,"₹1,15,693 Cr",2205.6,2622.1,2967.25,-11.63%,2.07,0.16,0.24,Strong Uptrend,🟡 Consolidating,61.3,0.99,1.52,68.38,39.46,215.42,12.52,2.06,"₹1,368",17.83,,,2.36,"40 articles, dominant topic: earnings. HDFC AMC Share Price - Live NSE: HDFCAMC Stock Price & Chart - Upstox (bullish signals: profit rises; bearish signals: profit falls)",Bullish (3/10),"Upstox, simplywall.st, TradingView",✓ Good dividend yield (2.1%) | ✓ Bullish news signal (3/10) — positive momentum,,5,18,12,35,❌ WAIT,"> ₹1,504",HOLD
2026-08-31,2026-08,SFL,Consumer Cyclical,"Furnishings, Fixtures & Appliances",CONSUMER_DISCRETIONARY,Medium-High,Growth/Cyclical,"₹7,061 Cr",456.8,641.75,832.45,-22.91%,0.75,-2.19,-18.12,Uptrend,🟡 Consolidating,33.3,0.43,1.07,19.62,32.95,297.8,2.17,0.15,₹392,11.34,,,27.85,"22 articles, dominant topic: earnings. SFL Forecast — Price Target — Prediction for 2027 - TradingView (mostly earnings-related coverage, no strong signal)",Neutral,"TradingView, simplywall.st, scanx.trade",✓ Strong REV GROWTH 11.3% | ✓ Attractive P/B (2.2x) | ✓ Oversold RSI (33.3) — good entry,✗ High debt (27.9x),6,13,20,39,❌ WAIT,> ₹432,HOLD
2026-08-31,2026-08,GESHIP,Industrials,Marine Shipping,INDUSTRIAL_CAPEX,High,Cyclical,"₹19,020 Cr",922.5,1301.8,1798,-27.60%,-2.82,-2.34,-2.56,Downtrend,🟡 Consolidating,51.9,1.01,0.6,261.94,5.09,1188.12,1.12,4.32,"₹5,239",1.87,,,6.41,"33 articles, dominant topic: dividends. Great Eastern Shipping's (NSE:GESHIP) Solid Profits Have Weak Fundamentals - simplywall.st (bullish signals: upgrade)",Neutral,"simplywall.st, vinanet.vn, Univest",✓ Attractive PE (5.1x) | ✓ Attractive P/B (1.1x) | ✓ Good dividend yield (4.3%),✗ Poor REV GROWTH 1.9% | ✗ High debt (6.4x) | ✗ Below 200-day MA — long-term trend broken,0,30,3,33,🔎 INVESTIGATE WHY,"< ₹4,191",WATCH
2026-08-31,2026-08,NHPC,Utilities,Utilities - Renewable,INDUSTRIAL_CAPEX,High,Cyclical,"₹76,583 Cr",71.62,76.72,89.22,-14.01%,2.54,0.09,-2.29,Downtrend,🟡 Consolidating,49.9,1.88,0.74,2.73,27.93,41.15,1.85,2.11,₹55,7.22,,,113.11,"31 articles, dominant topic: earnings. Nepal floods impact: Emami shares slip 4%, NHPC down 1%; what investors need to know - Upstox (mostly earnings-related coverage, no strong signal)",Neutral,"Upstox, TradingView, simplywall.st",✓ Attractive P/B (1.9x) | ✓ Good dividend yield (2.1%),✗ Weak REV GROWTH 7.2% | ✗ High debt (113.1x) | ✗ Below 200-day MA — long-term trend broken,2,24,5,31,❌ WAIT,> ₹60,WATCH
2026-08-31,2026-08,BPCL,Energy,Oil & Gas Refining & Marketing,COMMODITY_CYCLICAL,Very High,Cyclical,"₹1,35,868 Cr",266.6,324.05,391.65,-17.26%,1.5,3.9,1.34,Downtrend,🟡 Consolidating,58.5,1.61,1.38,40.91,7.77,234.37,1.36,6.29,₹327,2.64,,,54.33,"100 articles, dominant topic: earnings. BPCL Share Price - Upstox (bullish signals: record high; bearish signals: downgrade)",Bullish (3/10),"Upstox, HDFC Sky, simplywall.st",✓ Attractive PE (7.8x) | ✓ Good dividend yield (6.3%) | ✓ Bullish news signal (3/10) — positive momentum,✗ High debt (54.3x) | ✗ Below 200-day MA — long-term trend broken,3,25,5,33,🔎 INVESTIGATE WHY,₹295 – ₹327,WATCH
2026-08-31,2026-08,SCHAEFFLER,Consumer Cyclical,Auto Parts,CONSUMER_DISCRETIONARY,Medium-High,Growth/Cyclical,"₹62,681 Cr",3518.4,4014.8,4467.7,-10.14%,-0.46,-0.14,-1.58,Uptrend,🟡 Consolidating,32.5,0.83,0.98,80.05,50.1,392.49,10.22,0.87,"₹1,601",17.69,21.64,12.27,0.78,"44 articles, dominant topic: earnings. Schaeffler India Limited Just Missed Earnings - But Analysts Have Updated Their Models - simplywall.st (bullish signals: profit rises, upgrade)",Bullish (2/10),"simplywall.st, TradingView, Univest",✓ Strong ROE 21.6% | ✓ Strong REV GROWTH 17.7% | ✓ Oversold RSI (32.5) — good entry | ✓ Bullish news signal (2/10) — positive momentum,✗ Expensive PE (50.1x) | ✗ Expensive P/B (10.2x),23,5,21,49,❌ WAIT,"> ₹1,761",HOLD
2026-08-31,2026-08,SUNDARMFIN,Financial Services,Credit Services,FINANCIAL_NBFC,Medium-High,Financial/Growth,"₹50,034 Cr",4000,4540,5642,-19.53%,-0.75,0.77,-2.69,Strong Downtrend,🟠 Volatile,56.1,4.73,1.05,201.51,22.53,1340.52,3.39,0.88,"₹2,011",16.8,,,409.16,"15 articles, dominant topic: general. Does Sundaram Finance (NSE:SUNDARMFIN) Deserve A Spot On Your Watchlist? - simplywall.st (mostly general-related coverage, no strong signal)",Neutral,"simplywall.st, TradingView, HDFC Sky",✓ Strong REV GROWTH 16.8%,✗ Below 200-day MA — long-term trend broken,6,13,3,22,❌ WAIT,"> ₹2,212",WATCH
2026-08-31,2026-08,AWL,Consumer Defensive,Packaged Foods,CONSUMER_STAPLES,Low,Defensive,"₹25,919 Cr",171.19,192.55,282.9,-31.94%,-1.9,-0.69,1.64,Downtrend,🟢 Tight Base,49.5,0.98,0.81,8.94,22.44,80.73,2.49,0.52,₹313,17.39,,,10.62,"45 articles, dominant topic: promoter_activity. Analyst Estimates: Here's What Brokers Think Of AWL Agri Business Limited (NSE:AWL) After Its First-Quarter Report - simplywall.st (bearish signals: penalty, stake sale)",Bearish (2/10),"simplywall.st, TradingView, Upstox",✓ Strong REV GROWTH 17.4% | ✓ Attractive PE (22.4x),✗ Below 200-day MA — long-term trend broken | ✗ Bearish news signal (2/10) — negative momentum,8,20,4,32,❌ WAIT,< ₹250,WATCH
2026-08-31,2026-08,AAVAS,Financial Services,Mortgage Finance,FINANCIAL_NBFC,Medium-High,Financial/Growth,"₹10,412 Cr",1060.4,1261.2,1771.9,-28.82%,-1.12,-5.62,-7.25,Downtrend,🟠 Volatile,18.9,2.08,0.9,87.42,15.02,637.79,2.06,,₹957,14.35,,,310.55,"49 articles, dominant topic: earnings. AAVAS Forecast — Price Target — Prediction for 2027 - TradingView (bullish signals: profit rises)",Bullish (2/10),"TradingView, Univest, Moneycontrol.com",✓ Deeply oversold RSI (18.9) | ✓ Bullish news signal (2/10) — positive momentum,✗ Below 200-day MA — long-term trend broken,4,15,16,35,❌ WAIT,"> ₹1,052",HOLD
2026-08-31,2026-08,RAJESHEXPO,Consumer Cyclical,Luxury Goods,CONSUMER_DISCRETIONARY,Medium-High,Growth/Cyclical,"₹2,281 Cr",72.63,75.93,237.88,-68.08%,-1.15,-1.76,-10.55,Strong Downtrend,🟡 Consolidating,17.5,1.03,1.15,5.72,13.51,584.26,0.13,,₹114,84.05,,,5.83,"13 articles, dominant topic: regulatory. Rajesh Exports Limited's (NSE:RAJESHEXPO) 31% Share Price Plunge Could Signal Some Risk - simplywall.st (mostly regulatory-related coverage, no strong signal)",Neutral,"simplywall.st, Business Today, Univest",✓ Strong REV GROWTH 84.0% | ✓ Attractive PE (13.5x) | ✓ Attractive P/B (0.1x) | ✓ Deeply oversold RSI (17.5),✗ High debt (5.8x) | ✗ Below 200-day MA — long-term trend broken,8,25,15,48,🔎 INVESTIGATE WHY,< ₹92,HOLD
2026-08-31,2026-08,BANDHANBNK,Financial Services,Banks - Regional,FINANCIAL_BANK,Medium,Financial,"₹27,953 Cr",134.25,163.5,220.76,-25.94%,-2.82,-5.98,-5.29,Downtrend,🟡 Consolidating,32.1,1.01,1.64,8.38,20.7,158.96,1.09,0.86,₹238,-6.18,,,,"35 articles, dominant topic: earnings. Bandhan Bank Share Price - Live NSE: BANDHANBNK Stock Price & Chart - Upstox (bearish signals: stake sale)",Neutral,"Upstox, TradingView, simplywall.st",✓ Oversold RSI (32.1) — good entry,✗ Poor REV GROWTH -6.2% | ✗ Below 200-day MA — long-term trend broken,0,18,10,28,❌ WAIT,< ₹191,WATCH
2026-08-31,2026-08,JIOFIN,Financial Services,Asset Management,FINANCIAL_NBFC,Medium-High,Financial/Growth,"₹1,60,555 Cr",223.3,241.35,321.6,-24.95%,1.24,-0.27,-5.67,Strong Downtrend,🟡 Consolidating,31.7,1.63,1.59,3.22,75.51,211.44,1.15,0.25,₹317,136.41,,,16.29,"39 articles, dominant topic: dividends. JIOFIN Forecast — Price Target — Prediction for 2027 - TradingView (mostly dividends-related coverage, no strong signal)",Neutral,"TradingView, simplywall.st, vinanet.vn",✓ Strong REV GROWTH 136.4% | ✓ Attractive P/B (1.1x) | ✓ Oversold RSI (31.7) — good entry,✗ Below 200-day MA — long-term trend broken,8,20,10,38,❌ WAIT,< ₹254,HOLD
2026-08-31,2026-08,GAIL,Utilities,Utilities - Regulated Gas,INDUSTRIAL_CAPEX,High,Cyclical,"₹1,14,729 Cr",134.36,177.5,186.87,-5.01%,3.74,2.16,-2.17,Strong Uptrend,🟢 Tight Base,54.2,1.49,1.08,15.02,11.62,135.55,1.29,3.15,₹300,-0.21,,,27.81,"68 articles, dominant topic: earnings. GAIL Share Price - Upstox (bearish signals: profit falls)",Neutral,"Upstox, simplywall.st, Business Standard",✓ Attractive PE (11.6x) | ✓ Attractive P/B (1.3x) | ✓ Good dividend yield (3.1%),✗ Poor REV GROWTH -0.2% | ✗ High debt (27.8x),0,30,13,43,🔎 INVESTIGATE WHY,< ₹240,HOLD
2026-08-31,2026-08,ONGC,Energy,Oil & Gas Integrated,COMMODITY_CYCLICAL,Very High,Cyclical,"₹2,92,127 Cr",227.65,231.8,307.5,-24.62%,-0.19,-2.01,-4.42,Strong Downtrend,🟡 Consolidating,28,0.94,0.01,34.61,6.71,295.5,0.79,6.24,₹277,-0.6,,,42.55,"100 articles, dominant topic: earnings. Oil and Natural Gas Corporation Limited (NSE:ONGC) Looks Interesting, And It's About To Pay A Dividend - simplywall.st (bullish signals: outperform, profit rises, record high)",Bullish (8/10),"simplywall.st, AD HOC NEWS, scanx.trade",✓ Attractive PE (6.7x) | ✓ Attractive P/B (0.8x) | ✓ Good dividend yield (6.2%) | ✓ Deeply oversold RSI (28.0),✗ High debt (42.5x) | ✗ Poor REV GROWTH -0.6% | ✗ Below 200-day MA — long-term trend broken,0,30,19,49,🔎 INVESTIGATE WHY,₹222 – ₹249,HOLD
2026-08-31,2026-08,LT,Industrials,Engineering & Construction,INDUSTRIAL_CAPEX,High,Cyclical,"₹5,55,589 Cr",3288.1,4044.9,4440,-8.90%,-0.02,-1.1,2.69,Strong Uptrend,🟢 Tight Base,51.1,1.13,1.43,120.69,33.46,794.47,5.08,0.94,"₹2,414",11.81,,,97.64,"34 articles, dominant topic: dividends. TCS Share Price - Upstox (bullish signals: order win)",Neutral,"Upstox, simplywall.st, TradingView",,✗ High debt (97.6x) | ✗ Expensive P/B (5.1x),5,8,13,26,❌ WAIT,"> ₹2,655",WATCH
2026-08-31,2026-08,SBICARD,Financial Services,Credit Services,FINANCIAL_NBFC,Medium-High,Financial/Growth,"₹61,952 Cr",565.45,644.75,965,-33.19%,0.58,-0.85,-2.33,Downtrend,🟠 Volatile,48,8.54,1.22,23.88,27.26,165.18,3.94,0.38,₹248,9.53,,,280.21,"33 articles, dominant topic: earnings. SBICARD Forecast — Price Target — Prediction for 2027 - TradingView (mostly earnings-related coverage, no strong signal)",Neutral,"TradingView, Univest, Upstox",,✗ Below 200-day MA — long-term trend broken,2,8,5,15,❌ WAIT,> ₹273,AVOID
2026-08-31,2026-08,DABUR,Consumer Defensive,Household & Personal Products,CONSUMER_STAPLES,Low,Defensive,"₹70,080 Cr",392.15,381,577,-33.97%,-1.3,-4.38,-9.6,Strong Downtrend,🟡 Consolidating,6.3,1.78,0.98,11.12,35.53,64.38,6.14,2.07,₹389,5.18,,,10.91,"52 articles, dominant topic: earnings. Earnings Update: Dabur India Limited (NSE:DABUR) Just Reported Its Yearly Results And Analysts Are Updating Their Forecasts - simplywall.st (bullish signals: profit rises; bearish signals: downgrade)",Neutral,"simplywall.st, Upstox, Business Standard",✓ Deeply oversold RSI (6.3),✗ Below 200-day MA — long-term trend broken,3,20,15,38,❌ WAIT,₹350 – ₹389,HOLD
2026-08-31,2026-08,ARE&M,Industrials,Electrical Equipment & Parts,INDUSTRIAL_CAPEX,High,Cyclical,"₹16,854 Cr",670,892.65,1057.85,-15.62%,-3.11,-3.27,-1.96,Uptrend,🟡 Consolidating,13.8,0.6,1.02,50.22,18.34,442.5,2.08,1.15,"₹1,004",7.62,,,5.01,"10 articles, dominant topic: dividends. Should You Be Adding Amara Raja Energy & Mobility (NSE:ARE&M) To Your Watchlist Today? - simplywall.st (mostly dividends-related coverage, no strong signal)",Neutral,"simplywall.st, TradingView, Upstox",✓ Attractive PE (18.3x) | ✓ Deeply oversold RSI (13.8),✗ Weak REV GROWTH 7.6% | ✗ High debt (5.0x),2,25,25,52,🔎 INVESTIGATE WHY,₹804 – ₹904,ACCUMULATE
2026-08-31,2026-08,NTPC,Utilities,Utilities - Regulated Electric,INDUSTRIAL_CAPEX,High,Cyclical,"₹3,24,450 Cr",315.55,327.4,414.4,-20.99%,-0.8,-3.56,-5.72,Strong Downtrend,🟡 Consolidating,31.9,1.84,0.54,32.69,10.24,209.44,1.6,3.69,₹654,-1.2,,,118.13,"100 articles, dominant topic: earnings. NTPCGREEN Share Price Today - NTPC Green Energy on NSE/BSE - scanx.trade (bullish signals: profit rises; bearish signals: penalty)",Neutral,"scanx.trade, Upstox, ETLegalWorld.com",✓ Attractive PE (10.2x) | ✓ Attractive P/B (1.6x) | ✓ Good dividend yield (3.7%) | ✓ Oversold RSI (31.9) — good entry,✗ Poor REV GROWTH -1.2% | ✗ High debt (118.1x) | ✗ Below 200-day MA — long-term trend broken,0,30,10,40,🔎 INVESTIGATE WHY,< ₹523,HOLD
2026-08-31,2026-08,OIL,Energy,Oil & Gas Integrated,COMMODITY_CYCLICAL,Very High,Cyclical,"₹76,312 Cr",384.6,483.15,531,-9.01%,0.06,1.29,5.35,Uptrend,🟡 Consolidating,58.3,1.6,-0.23,51.38,9.13,356.62,1.32,2.77,₹411,4.41,,,58.74,"100 articles, dominant topic: dividends. Indian Oil Share Price - Live NSE: IOC Stock Price & Chart - Upstox (bullish signals: record high, upgrade)",Bullish (3/10),"Upstox, The Hindu, Reuters",✓ Bullish news signal (3/10) — positive momentum,✗ High debt (58.7x),3,20,15,38,🔎 INVESTIGATE WHY,> ₹452,HOLD
2026-08-31,2026-08,JSWSTEEL,Basic Materials,Steel,COMMODITY_CYCLICAL,Very High,Cyclical,"₹3,27,335 Cr",1022.3,1307.7,1341,-2.48%,-2.04,-1.45,2.97,Strong Uptrend,🟡 Consolidating,56.9,1.14,1.16,100.87,13.29,409.91,3.27,0.53,₹807,9.28,,,95.37,"46 articles, dominant topic: earnings. We Think That There Are Issues Underlying JSW Steel's (NSE:JSWSTEEL) Earnings - simplywall.st (bullish signals: expansion plan, upgrade)",Bullish (2/10),"simplywall.st, TradingView, vinanet.vn",✓ Bullish news signal (2/10) — positive momentum,✗ High debt (95.4x) | ✗ Expensive P/B (3.3x),3,6,14,23,❌ WAIT,> ₹888,WATCH
2026-08-31,2026-08,EQUITASBNK,Financial Services,Banks - Regional,FINANCIAL_BANK,Medium,Financial,"₹8,586 Cr",50,73.97,83.9,-11.84%,0.09,-1.37,-1.65,Uptrend,🔵 Pullback,46.6,0.64,1.3,4.46,16.83,53.56,1.4,,₹80,5.64,,,94.25,"17 articles, dominant topic: general. Equitas Small Finance Bank Limited's (NSE:EQUITASBNK) latest 7.3% decline adds to one-year losses, institutional investors may consider drastic measures - simplywall.st (bearish signals: downgrade)",Neutral,"simplywall.st, TradingView, vinanet.vn",,,4,15,15,34,❌ WAIT,₹72 – ₹80,WATCH
2026-08-31,2026-08,PVRINOX,Communication Services,Entertainment,CONSUMER_DISCRETIONARY,Medium-High,Growth/Cyclical,"₹12,088 Cr",907.4,1207.7,1284.5,-5.98%,-1.08,-1.96,6.82,Strong Uptrend,🟡 Consolidating,63.1,0.89,0.84,28.11,43.79,750.52,1.64,,₹562,16.8,,,91.87,"31 articles, dominant topic: earnings. PVR INOX (NSE:PVRINOX shareholders incur further losses as stock declines 7.7% this week, taking three-year losses to 43% - simplywall.st (bullish signals: buy rating)",Neutral,"simplywall.st, TradingView, CNBC TV18",✓ Strong REV GROWTH 16.8% | ✓ Attractive P/B (1.6x),✗ High debt (91.9x) | ✗ Expensive PE (43.8x),8,9,10,27,❌ WAIT,> ₹618,WATCH
2026-08-31,2026-08,CLEAN,Basic Materials,Specialty Chemicals,QUALITY_GROWTH,Medium,Long-term Growth,"₹8,735 Cr",652,822.85,1217.9,-32.44%,-1.63,-0.65,12.1,Uptrend,🟡 Consolidating,54.2,0.42,1.11,21.95,37.44,148.94,5.52,0.72,₹549,-0.79,,,0.14,"85 articles, dominant topic: earnings. Should Income Investors Look At Clean Science and Technology Limited (NSE:CLEAN) Before Its Ex-Dividend? - simplywall.st (bearish signals: downgrade, stake sale)",Bearish (2/10),"simplywall.st, Upstox, TradingView",,✗ Poor REV GROWTH -0.8% | ✗ Bearish news signal (2/10) — negative momentum,5,11,12,28,❌ WAIT,> ₹604,WATCH
2026-08-31,2026-08,CUB,Financial Services,Banks - Regional,FINANCIAL_BANK,Medium,Financial,"₹21,956 Cr",145.125,229.19,245.38,-6.60%,3.13,8.01,10.99,Strong Uptrend,🟡 Consolidating,62.1,1.78,1.15,14.13,15.68,106.64,2.08,0.94,₹160,20.26,,,,"43 articles, dominant topic: earnings. Do City Union Bank's (NSE:CUB) Earnings Warrant Your Attention? - simplywall.st (bullish signals: profit rises)",Neutral,"simplywall.st, Upstox, NiftyTrader",✓ Strong REV GROWTH 20.3%,,10,13,10,33,❌ WAIT,> ₹176,WATCH
2026-08-31,2026-08,COALINDIA,Energy,Thermal Coal,COMMODITY_CYCLICAL,Very High,Cyclical,"₹2,48,974 Cr",368.65,401.75,491.25,-18.22%,0.19,-1.27,-2.99,Strong Downtrend,🟡 Consolidating,33.7,1.01,0.2,50.78,7.96,193.28,2.09,5.16,₹406,0.07,,,11.63,"49 articles, dominant topic: dividends. Income Investors Should Know That Coal India Limited (NSE:COALINDIA) Goes Ex-Dividend Soon - simplywall.st (mostly dividends-related coverage, no strong signal)",Neutral,"simplywall.st, TradingView, Upstox",✓ Attractive PE (8.0x) | ✓ Good dividend yield (5.2%) | ✓ Oversold RSI (33.7) — good entry,✗ High debt (11.6x) | ✗ Below 200-day MA — long-term trend broken,3,20,10,33,🔎 INVESTIGATE WHY,₹366 – ₹406,WATCH
2026-08-31,2026-08,POWERGRID,Utilities,Utilities - Regulated Electric,INDUSTRIAL_CAPEX,High,Cyclical,"₹2,46,652 Cr",250,263.55,324.95,-18.90%,-0.94,-2.89,-7.28,Strong Downtrend,🟡 Consolidating,43,1.35,0.45,20.43,12.98,108.05,2.45,4.62,₹409,1.57,,,150.81,"30 articles, dominant topic: dividends. Power Grid Corp Share Price - Live NSE: POWERGRID Stock Price & Chart - Upstox (mostly dividends-related coverage, no strong signal)",Neutral,"Upstox, simplywall.st, scanx.trade",✓ Attractive PE (13.0x) | ✓ Good dividend yield (4.6%),✗ Poor REV GROWTH 1.6% | ✗ High debt (150.8x) | ✗ Below 200-day MA — long-term trend broken,0,27,5,32,🔎 INVESTIGATE WHY,< ₹327,WATCH
2026-08-31,2026-08,SWSOLAR,Technology,Solar,QUALITY_GROWTH,Medium,Long-term Growth,"₹4,603 Cr",148,189.33,281.7,-32.79%,-3.09,-1.11,-7.17,Downtrend,🟡 Consolidating,32,1.34,1.82,-12.29,,27.82,7.08,,,19.77,,,182.95,"10 articles, dominant topic: earnings. Sterling And Wilson Renewable Energy Limited Actuals & Estimates (NSE:SWSOLAR) - TradingView (mostly earnings-related coverage, no strong signal)",Neutral,"TradingView, simplywall.st, Upstox",✓ Strong REV GROWTH 19.8% | ✓ Oversold RSI (32.0) — good entry,✗ High debt (182.9x) | ✗ Below 200-day MA — long-term trend broken,8,4,10,22,❌ WAIT,,WATCH
2026-08-31,2026-08,HMAAGRO,Consumer Defensive,Packaged Foods,CONSUMER_STAPLES,Low,Defensive,"₹1,059 Cr",20,20.98,34.24,-38.73%,0.05,-1.41,2.24,Strong Downtrend,🟡 Consolidating,41.3,1.22,0.97,4.28,4.94,18.9,1.12,1.37,₹150,34.75,,,88.32,"26 articles, dominant topic: earnings. There May Be Underlying Issues With The Quality Of HMA Agro Industries' (NSE:HMAAGRO) Earnings - simplywall.st (mostly earnings-related coverage, no strong signal)",Neutral,"simplywall.st, Goodreturns, vinanet.vn",✓ Strong REV GROWTH 34.8% | ✓ Attractive PE (4.9x),✗ Below 200-day MA — long-term trend broken,8,20,5,33,🔎 INVESTIGATE WHY,< ₹120,WATCH
2026-08-31,2026-08,SUZLON,Industrials,Specialty Industrial Machinery,INDUSTRIAL_CAPEX,High,Cyclical,"₹64,262 Cr",38.19,47.52,61.5,-22.73%,1.56,1,-1.02,Downtrend,🟡 Consolidating,50.1,1.4,1.3,2.29,20.41,7.11,6.57,,₹46,53.73,39.37,,2.81,"100 articles, dominant topic: earnings. Suzlon Energy vs IREDA: Which Is A Better Renewable Energy Stock? MCap, Roe, Dividend Comparison - Goodreturns (bearish signals: penalty, profit falls)",Bearish (3/10),"Goodreturns, scanx.trade, simplywall.st",✓ Strong ROE 39.4% | ✓ Strong REV GROWTH 53.7%,✗ High debt (2.8x) | ✗ Expensive P/B (6.6x) | ✗ Below 200-day MA — long-term trend broken,23,13,1,37,❌ WAIT,₹46 – ₹50,HOLD
2026-08-31,2026-08,BECTORFOOD,Consumer Defensive,Packaged Foods,CONSUMER_STAPLES,Low,Defensive,"₹7,702 Cr",165,226.91,299,-24.11%,-2.56,-11.81,9.91,Uptrend,🟡 Consolidating,40,0.51,1.17,4.84,51.84,41.28,6.08,0.47,₹169,9.98,,,15.01,"15 articles, dominant topic: general. BECTORFOOD Forecast — Price Target — Prediction for 2027 - TradingView (mostly general-related coverage, no strong signal)",Neutral,"TradingView, simplywall.st, vinanet.vn",,,3,5,15,23,❌ WAIT,> ₹186,WATCH
2026-08-31,2026-08,CAMPUS,Consumer Cyclical,Footwear & Accessories,CONSUMER_DISCRETIONARY,Medium-High,Growth/Cyclical,"₹6,911 Cr",215.2,226.19,297,-23.84%,0.02,-1.03,1.73,Downtrend,🟡 Consolidating,67.4,0.47,0.67,5.04,44.86,29.66,7.62,0.66,₹101,11.37,,,26.06,"38 articles, dominant topic: earnings. Campus Activewear Limited (NSE:CAMPUS) Looks Interesting, And It's About To Pay A Dividend - simplywall.st (mostly earnings-related coverage, no strong signal)",Neutral,"simplywall.st, Business Standard, TradingView",✓ Strong REV GROWTH 11.4%,✗ High debt (26.1x) | ✗ Expensive PE (44.9x) | ✗ Expensive P/B (7.6x),6,5,0,11,❌ WAIT,> ₹111,AVOID
2026-08-31,2026-08,TITAGARH,Industrials,Railroads,INDUSTRIAL_CAPEX,High,Cyclical,"₹11,116 Cr",568.7,818.1,971,-15.75%,-2.07,-2.77,-0.86,Uptrend,🔵 Pullback,41.5,0.88,1.51,14.56,56.69,180.68,4.57,0.12,₹291,-17.63,,,25.36,"54 articles, dominant topic: earnings. Time To Worry? Analysts Are Downgrading Their Titagarh Rail Systems Limited (NSE:TITAGARH) Outlook - simplywall.st (bullish signals: order win, record high)",Bullish (2/10),"simplywall.st, Goodreturns, Business Standard",✓ Bullish news signal (2/10) — positive momentum,✗ Poor REV GROWTH -17.6% | ✗ High debt (25.4x) | ✗ Expensive PE (56.7x),0,4,16,20,❌ WAIT,> ₹320,WATCH
2026-08-31,2026-08,MAXHEALTH,Healthcare,Medical Care Facilities,QUALITY_GROWTH,Medium,Long-term Growth,"₹98,885 Cr",903,1042.1,1221.9,-14.71%,2.76,5.21,-5.13,Downtrend,🟡 Consolidating,50.6,0.84,0.72,14.96,67.91,110.43,9.2,0.2,₹374,19.03,,,32.37,"42 articles, dominant topic: dividends. Three Days Left Until Max Healthcare Institute Limited (NSE:MAXHEALTH) Trades Ex-Dividend - simplywall.st (bullish signals: record high)",Neutral,"simplywall.st, Upstox, vinanet.vn",✓ Strong REV GROWTH 19.0%,✗ High debt (32.4x) | ✗ Expensive PE (67.9x) | ✗ Expensive P/B (9.2x),8,3,3,14,❌ WAIT,> ₹411,AVOID
2026-08-31,2026-08,JINDALSAW,Basic Materials,Steel,COMMODITY_CYCLICAL,Very High,Cyclical,"₹19,677 Cr",153,309.65,316.95,-2.30%,0.34,7.8,20.51,Strong Uptrend,🔴 Extended,72.3,0.81,1.12,10.24,30.14,197.33,1.56,0.65,₹82,-13.79,,,38.19,"13 articles, dominant topic: dividends. Jindal Saw Share Price - Live NSE: JINDALSAW Stock Price & Chart - Upstox (mostly dividends-related coverage, no strong signal)",Neutral,"Upstox, simplywall.st, TradingView",,✗ High debt (38.2x) | ✗ Poor REV GROWTH -13.8% | ✗ Expensive PE (30.1x),0,6,10,16,❌ WAIT,> ₹90,AVOID
2026-08-31,2026-08,KEI,Industrials,Electrical Equipment & Parts,INDUSTRIAL_CAPEX,High,Cyclical,"₹52,963 Cr",3728.7,5740.3,5899,-2.69%,3.06,4.48,14.83,Strong Uptrend,🟡 Consolidating,54.2,0.56,1.16,103.94,53.3,697.18,7.95,0.08,"₹2,079",20.66,,,3.8,"58 articles, dominant topic: earnings. KEI Industries Share Price - Upstox (bullish signals: order win)",Neutral,"Upstox, simplywall.st, Moneycontrol.com",✓ Strong REV GROWTH 20.7%,✗ High debt (3.8x) | ✗ Expensive PE (53.3x) | ✗ Expensive P/B (8.0x),10,4,13,27,❌ WAIT,"> ₹2,287",WATCH
2026-08-31,2026-08,JINDALSTEL,Basic Materials,Steel,COMMODITY_CYCLICAL,Very High,Cyclical,"₹1,19,596 Cr",943.3,1192.9,1306.2,-8.67%,1.16,3.82,8.4,Uptrend,🟡 Consolidating,77.6,0.94,1.11,26.66,44.09,500.34,2.35,0.17,₹213,5.52,,,43.61,"31 articles, dominant topic: earnings. Jindal Steel Limited Just Beat Revenue Estimates By 12% - simplywall.st (mostly earnings-related coverage, no strong signal)",Neutral,"simplywall.st, Upstox, vinanet.vn",,✗ High debt (43.6x) | ✗ Expensive PE (44.1x) | ✗ Overbought RSI (77.6) — wait,3,6,10,19,❌ WAIT,> ₹235,AVOID
2026-08-31,2026-08,RUSHIL,Consumer Cyclical,"Furnishings, Fixtures & Appliances",CONSUMER_DISCRETIONARY,Medium-High,Growth/Cyclical,₹492 Cr,12.49,16.4,33.99,-51.75%,-2.32,-3.3,-4.82,Strong Downtrend,🟡 Consolidating,42,0.39,1.2,0.78,21.51,21.87,0.77,0.29,₹16,-3.98,,,39.93,"34 articles, dominant topic: corporate_actions. Rushil Decor Share Price Target 2027, 2028 and 2030: Long Term Analyst Forecast - Univest (mostly corporate_actions-related coverage, no strong signal)",Neutral,"Univest, Moneycontrol.com, Equitypandit",✓ Attractive P/B (0.8x),✗ Poor REV GROWTH -4.0% | ✗ High debt (39.9x) | ✗ Below 200-day MA — long-term trend broken,0,19,5,24,❌ WAIT,₹16 – ₹17,WATCH
2026-08-31,2026-08,NUVAMA,Financial Services,Asset Management,FINANCIAL_CAPITAL_MARKETS,High,Market-sensitive,"₹33,251 Cr",1096.9,1753.6,2066,-15.12%,-2.85,0.21,-2.78,Uptrend,🟡 Consolidating,58.5,0.52,1.25,58.34,30.94,226.45,7.97,1.55,"₹1,167",6.73,,,282.32,"74 articles, dominant topic: regulatory. NSE Issues Warning Letters to Nuvama Subsidiary for Periodical Submission Observations - scanx.trade (bullish signals: profit rises; bearish signals: downgrade, penalty)",Bearish (3/10),"scanx.trade, Business Standard, Moneycontrol.com",,✗ Bearish news signal (3/10) — negative momentum,2,13,11,26,❌ WAIT,"> ₹1,283",WATCH
2026-08-31,2026-08,GREENPANEL,Basic Materials,Lumber & Wood Production,COMMODITY_CYCLICAL,Very High,Cyclical,"₹1,917 Cr",155.01,156.58,333.8,-53.09%,-2.78,-0.97,-18.88,Strong Downtrend,🟡 Consolidating,18.9,0.45,1.21,0.55,284.25,110.57,1.41,0.32,₹4,7.77,,,27.3,"24 articles, dominant topic: earnings. GREENPANEL Forecast — Price Target — Prediction for 2027 - TradingView (bearish signals: profit falls)",Neutral,"TradingView, simplywall.st, Univest",✓ Deeply oversold RSI (18.9),✗ High debt (27.3x) | ✗ Expensive PE (284.2x) | ✗ Below 200-day MA — long-term trend broken,3,11,15,29,❌ WAIT,> ₹5,WATCH
2026-08-31,2026-08,HDFCMOMENT,,,DEFAULT,,,,27.13,31.33,33.23,-5.72%,-1.2,0.19,1.69,Strong Uptrend,🟢 Tight Base,49.8,1.19,1.06,,25.67,,,,₹24,,,,,No recent news found,Neutral,google_news_rss,,,0,10,15,25,❌ WAIT,> ₹27,WATCH
2026-08-31,2026-08,CPSEETF,,,ETF,Low-Medium,Index / Allocation,,85.67,92.58,112,-17.34%,-0.19,-1.58,-2.45,Strong Downtrend,🟡 Consolidating,38.3,0.58,0.47,,12.38,,,,₹150,,,,,"5 articles, dominant topic: general. CPSE ETF - Live CPSE ETF Share Price, Returns & More. - Upstox (mostly general-related coverage, no strong signal)",Neutral,"Upstox, HDFC Sky, Univest",✓ Oversold RSI (38.3) — good entry | ✓ Broad index / asset allocation,✗ Below 200-day MA — long-term trend broken,30,20,10,60,🟢 ACCUMULATE,< ₹120,ACCUMULATE
2026-08-31,2026-08,SILVERBEES,,,ETF,Low-Medium,Index / Allocation,,111.33,223.21,360,-38.00%,-3.13,-3.71,8.09,Downtrend,🟡 Consolidating,50.8,1.08,1.37,,,,,,,,,,,"10 articles, dominant topic: dividends. Nippon India Silver ETF Share Price NSE/BSE - Live Price Charts & Performance - HDFC Sky (mostly dividends-related coverage, no strong signal)",Neutral,"HDFC Sky, TradingView, Upstox",✓ Broad index / asset allocation,✗ Below 200-day MA — long-term trend broken,30,20,3,53,🟢 ACCUMULATE,,HOLD
2026-08-31,2026-08,MON100,,,DEFAULT,,,,200.65,332.2,342.55,-3.02%,1.56,1.29,8.85,Strong Uptrend,🟢 Tight Base,50.5,1.29,0.75,,33.01,,,,₹201,,,,,"6 articles, dominant topic: general. MON100 Share Price Today - MOTILAL OS NASDAQ100 ETF Stock Price Live NSE/BSE - Univest (mostly general-related coverage, no strong signal)",Neutral,"Univest, CNBC TV18, HDFC Sky",,,0,5,13,18,❌ WAIT,> ₹221,AVOID
2026-08-31,2026-08,ULTRACEMCO,Basic Materials,Building Materials,INDUSTRIAL_CAPEX,High,Cyclical,"₹3,44,679 Cr",10325,11450,13110,-12.66%,-1.2,-0.47,-3.81,Downtrend,🟡 Consolidating,37.8,1.67,1.26,289.65,40.45,2605.1,4.5,2.05,"₹5,793",16.61,,,29.43,"39 articles, dominant topic: dividends. UltraTech Cement Limited (NSE:ULTRACEMCO) Looks Interesting, And It's About To Pay A Dividend - simplywall.st (mostly dividends-related coverage, no strong signal)",Neutral,"simplywall.st, TradingView, HDFC Sky",✓ Strong REV GROWTH 16.6% | ✓ Good dividend yield (2.0%) | ✓ Oversold RSI (37.8) — good entry,✗ High debt (29.4x) | ✗ Expensive PE (40.5x) | ✗ Expensive P/B (4.5x),8,9,10,27,❌ WAIT,"> ₹6,372",WATCH
2026-08-31,2026-08,SHYAMMETL,Basic Materials,Steel,COMMODITY_CYCLICAL,Very High,Cyclical,"₹28,960 Cr",746,1093.5,1090,0.32%,-0.57,9.24,6.31,Strong Uptrend,🟡 Consolidating,79,0.78,0.92,40.45,25.72,404.45,2.57,0.52,₹324,22.74,,,8.13,"17 articles, dominant topic: dividends. Does Shyam Metalics and Energy (NSE:SHYAMMETL) Deserve A Spot On Your Watchlist? - simplywall.st (mostly dividends-related coverage, no strong signal)",Neutral,"simplywall.st, TradingView, vinanet.vn",✓ Strong REV GROWTH 22.7%,✗ High debt (8.1x) | ✗ Expensive PE (25.7x) | ✗ Expensive P/B (2.6x),10,3,10,23,❌ WAIT,> ₹356,WATCH
2026-08-31,2026-08,ANGELONE,Financial Services,Capital Markets,FINANCIAL_CAPITAL_MARKETS,High,Market-sensitive,"₹26,862 Cr",208.63,286.9,360.45,-20.41%,-2.41,0.31,-3.71,Uptrend,🟠 Volatile,45.4,2.94,1.7,11.07,26.56,67.17,4.38,1.72,₹221,1.36,,,129.31,"46 articles, dominant topic: earnings. Angel One Share Price - Live NSE: ANGELONE Stock Price & Chart - Upstox (mostly earnings-related coverage, no strong signal)",Neutral,"Upstox, Goodreturns, simplywall.st",✓ Volume spike 2.9x on uptrend,,2,19,20,41,❌ WAIT,> ₹244,HOLD
2026-08-31,2026-08,FORTIS,Healthcare,Medical Care Facilities,QUALITY_GROWTH,Medium,Long-term Growth,"₹69,754 Cr",766.8,906.9,1104.3,-17.88%,-2.14,-1.21,-4.03,Downtrend,🟡 Consolidating,41.8,1.4,0.83,13.7,67.44,131.07,7.05,0.11,₹342,17.14,,,34.15,"55 articles, dominant topic: acquisitions. FORTIS Forecast — Price Target — Prediction for 2027 - TradingView (bullish signals: record high)",Neutral,"TradingView, simplywall.st, Goodreturns",✓ Strong REV GROWTH 17.1%,✗ High debt (34.1x) | ✗ Expensive PE (67.4x) | ✗ Below 200-day MA — long-term trend broken,8,6,5,19,❌ WAIT,> ₹377,AVOID
2026-08-31,2026-08,VBL,Consumer Defensive,Beverages - Non-Alcoholic,CONSUMER_STAPLES,Low,Defensive,"₹1,48,152 Cr",381,400.45,555.8,-27.95%,-3.27,-6.44,-9.46,Strong Downtrend,🟡 Consolidating,29.1,1.38,1.11,9.97,43.93,64.37,6.8,0.47,₹349,7.15,16.85,9.78,15.87,"49 articles, dominant topic: earnings. Some Confidence Is Lacking In Varun Beverages Limited's (NSE:VBL) P/E - simplywall.st (bullish signals: profit rises, record high)",Bullish (2/10),"simplywall.st, BusinessLine, Upstox",✓ Deeply oversold RSI (29.1) | ✓ Bullish news signal (2/10) — positive momentum,✗ Below 200-day MA — long-term trend broken,9,10,16,35,❌ WAIT,> ₹384,HOLD
2026-08-31,2026-08,CRISIL,Financial Services,Financial Data & Stock Exchanges,FINANCIAL_CAPITAL_MARKETS,High,Market-sensitive,"₹32,762 Cr",3686,4821.8,5221.5,-7.65%,1.88,7.67,10.6,Strong Uptrend,🟠 Volatile,77.1,2.26,0.66,121.89,36.75,447.35,10.01,0.89,"₹2,438",11.94,29.05,14.87,10.23,"62 articles, dominant topic: dividends. CRISIL Ltd Share Price Today,, CRISIL Share Price NSE, BSE - Business Today (bullish signals: profit rises, upgrade; bearish signals: downgrade)",Bullish (8/10),"Business Today, simplywall.st, Business Standard",✓ Strong ROE 29.1% | ✓ Volume spike 2.3x on uptrend | ✓ Bullish news signal (8/10) — positive momentum,✗ Overbought RSI (77.1) — wait,25,8,19,52,🟠 SMALL BUY,"> ₹2,682",ACCUMULATE
2026-08-31,2026-08,COLPAL,Consumer Defensive,Household & Personal Products,CONSUMER_STAPLES,Low,Defensive,"₹51,046 Cr",1782,1897.6,2504,-24.22%,3.87,0.99,-8.6,Strong Downtrend,🟠 Volatile,32.3,3.18,0.84,49.87,37.63,58.24,32.22,2.55,"₹1,745",-0.26,,,2.99,"29 articles, dominant topic: dividends. Colgate Palmolive Share Price - Live NSE: COLPAL Stock Price & Chart - Upstox (bullish signals: record high)",Neutral,"Upstox, simplywall.st, TradingView",✓ Good dividend yield (2.5%) | ✓ Oversold RSI (32.3) — good entry,✗ Poor REV GROWTH -0.3% | ✗ Below 200-day MA — long-term trend broken,0,25,10,35,🔎 INVESTIGATE WHY,"₹1,745 – ₹1,920",HOLD
2026-08-31,2026-08,PGHH,Consumer Defensive,Household & Personal Products,CONSUMER_STAPLES,Low,Defensive,"₹26,257 Cr",8075.5,7979.5,14509,-45.00%,-1.39,-1.82,-7.15,Strong Downtrend,🟡 Consolidating,14.5,1.87,0.31,243.83,33.17,232.1,34.85,1.48,"₹8,534",2.15,,,0.12,"17 articles, dominant topic: dividends. Investors in Procter & Gamble Hygiene and Health Care (NSE:PGHH) have unfortunately lost 18% over the last year - simplywall.st (mostly dividends-related coverage, no strong signal)",Neutral,"simplywall.st, TradingView, vinanet.vn",✓ Attractive PE (33.2x) | ✓ Deeply oversold RSI (14.5),✗ Poor REV GROWTH 2.1% | ✗ Below 200-day MA — long-term trend broken,0,20,15,35,❌ WAIT,"₹7,681 – ₹8,534",HOLD
2026-08-31,2026-08,HEROMOTOCO,Consumer Cyclical,Auto Manufacturers,CONSUMER_DISCRETIONARY,Medium-High,Growth/Cyclical,"₹1,12,569 Cr",4671.5,5450,6388.5,-14.69%,-2.68,-4.13,1.19,Uptrend,🟡 Consolidating,17.4,0.76,1.18,274.71,20.47,1080.08,5.21,3.25,"₹5,494",15.56,,,3.57,"15 articles, dominant topic: dividends. Hero MotoCorp Share Price - Live NSE: HEROMOTOCO Stock Price & Chart - Upstox (mostly dividends-related coverage, no strong signal)",Neutral,"Upstox, simplywall.st, TradingView",✓ Strong REV GROWTH 15.6% | ✓ Good dividend yield (3.2%) | ✓ Deeply oversold RSI (17.4),✗ High debt (3.6x) | ✗ Expensive P/B (5.2x),8,18,25,51,❌ WAIT,"₹4,945 – ₹5,494",ACCUMULATE
2026-08-31,2026-08,SONACOMS,Consumer Cyclical,Auto Parts,CONSUMER_DISCRETIONARY,Medium-High,Growth/Cyclical,"₹49,599 Cr",402.3,813.05,844,-3.67%,-0.24,-0.06,5.67,Strong Uptrend,🟡 Consolidating,56,0.78,1.22,11.16,71.24,96.21,8.26,0.45,₹223,26.24,,,7.21,"32 articles, dominant topic: earnings. Sona BLW Precision Forgings Share Price - Live NSE: SONACOMS Stock Price & Chart - Upstox (mostly earnings-related coverage, no strong signal)",Neutral,"Upstox, simplywall.st, scanx.trade",✓ Strong REV GROWTH 26.2%,✗ High debt (7.2x) | ✗ Expensive PE (71.2x) | ✗ Expensive P/B (8.3x),8,3,13,24,❌ WAIT,> ₹246,WATCH
2026-08-31,2026-08,ENDURANCE,Consumer Cyclical,Auto Parts,CONSUMER_DISCRETIONARY,Medium-High,Growth/Cyclical,"₹42,002 Cr",2142.8,2871.2,3079.9,-6.78%,-1.98,-3.92,4.09,Strong Uptrend,🟡 Consolidating,38.4,0.73,1,69.01,43.27,486.33,6.14,0.39,"₹1,380",26.1,,,19.39,"54 articles, dominant topic: earnings. Earnings Update: Endurance Technologies Limited (NSE:ENDURANCE) Just Reported Its First-Quarter Results And Analysts Are Updating Their Forecasts - simplywall.st (mostly earnings-related coverage, no strong signal)",Neutral,"simplywall.st, Moneycontrol.com, Univest",✓ Strong REV GROWTH 26.1% | ✓ Oversold RSI (38.4) — good entry,✗ High debt (19.4x) | ✗ Expensive PE (43.3x) | ✗ Expensive P/B (6.1x),8,3,20,31,❌ WAIT,"> ₹1,518",WATCH
2026-08-31,2026-08,M&M,Consumer Cyclical,Auto Manufacturers,CONSUMER_DISCRETIONARY,Medium-High,Growth/Cyclical,"₹4,08,043 Cr",2896,3282,3839.9,-14.53%,-1.56,-3.87,-3.43,Downtrend,🟡 Consolidating,26.5,1.95,1.46,164.23,20.69,833.02,4.08,0.97,"₹3,285",24.06,,,125.28,"100 articles, dominant topic: earnings. Here's Why We Think Mahindra & Mahindra (NSE:M&M) Might Deserve Your Attention Today - simplywall.st (bullish signals: record high, upgrade; bearish signals: downgrade)",Neutral,"simplywall.st, Moneycontrol.com, Business Standard",✓ Strong REV GROWTH 24.1% | ✓ Deeply oversold RSI (26.5),✗ High debt (125.3x) | ✗ Below 200-day MA — long-term trend broken,8,18,15,41,❌ WAIT,"₹2,956 – ₹3,285",HOLD
2026-08-31,2026-08,GATEWAY,Industrials,Integrated Freight & Logistics,INDUSTRIAL_CAPEX,High,Cyclical,"₹2,670 Cr",48.1,53.79,67.72,-20.57%,0.34,-0.09,-5.17,Downtrend,🟡 Consolidating,32.4,1.08,1.19,4.9,10.9,46.17,1.16,3.74,₹98,31.61,,,25.36,"56 articles, dominant topic: dividends. GATEWAY Forecast — Price Target — Prediction for 2027 - TradingView (bullish signals: record high)",Neutral,"TradingView, simplywall.st, Univest",✓ Strong REV GROWTH 31.6% | ✓ Attractive PE (10.9x) | ✓ Attractive P/B (1.2x) | ✓ Good dividend yield (3.7%),✗ High debt (25.4x) | ✗ Below 200-day MA — long-term trend broken,10,30,10,50,🔎 INVESTIGATE WHY,< ₹78,ACCUMULATE
2026-08-31,2026-08,DELHIVERY,Industrials,Integrated Freight & Logistics,INDUSTRIAL_CAPEX,High,Cyclical,"₹33,638 Cr",374.45,456.2,524,-12.94%,-2.98,2.57,-5.34,Uptrend,🔵 Pullback,37.6,0.74,1,1.21,371.07,129.79,3.46,,₹24,17.65,,,15.1,"59 articles, dominant topic: acquisitions. Delhivery Ltd. Share Price Today - Delhivery Ltd. Stock Price Live NSE/BSE - CNBC TV18 (bearish signals: penalty)",Neutral,"CNBC TV18, Moneycontrol.com, Business Standard",✓ Strong REV GROWTH 17.6% | ✓ Oversold RSI (37.6) — good entry,✗ High debt (15.1x) | ✗ Expensive PE (371.1x) | ✗ Expensive P/B (3.5x),8,4,20,32,❌ WAIT,> ₹27,WATCH
2026-08-31,2026-08,TCI,Industrials,Integrated Freight & Logistics,INDUSTRIAL_CAPEX,High,Cyclical,"₹6,939 Cr",868.05,868,1242,-30.11%,-2.26,-3.64,-6.72,Strong Downtrend,🟡 Consolidating,21,1.55,0.92,59.26,15.24,334.36,2.7,1.11,"₹1,185",9.47,,,11.99,"49 articles, dominant topic: promoter_activity. ₹616 - That's What Analysts Think TCI Express Limited (NSE:TCIEXP) Is Worth After These Results - simplywall.st (mostly promoter_activity-related coverage, no strong signal)",Neutral,"simplywall.st, TradingView, Upstox",✓ Attractive PE (15.2x) | ✓ Deeply oversold RSI (21.0),✗ Weak REV GROWTH 9.5% | ✗ High debt (12.0x) | ✗ Below 200-day MA — long-term trend broken,2,25,15,42,🔎 INVESTIGATE WHY,< ₹948,HOLD
2026-08-31,2026-08,CONCOR,Industrials,Railroads,INDUSTRIAL_CAPEX,High,Cyclical,"₹39,376 Cr",421.45,511.9,569.8,-10.16%,-0.79,-0.87,-2.29,Strong Uptrend,🟢 Tight Base,50,0.88,1.16,16.36,31.6,169.93,3.04,1.24,₹327,2.16,,,7.39,"52 articles, dominant topic: earnings. Container Corp of India Share Price - Live NSE: CONCOR Stock Price & Chart - Upstox (bullish signals: profit rises; bearish signals: downgrade)",Neutral,"Upstox, TradingView, Business Standard",,✗ Poor REV GROWTH 2.2% | ✗ High debt (7.4x) | ✗ Expensive P/B (3.0x),0,11,13,24,❌ WAIT,> ₹360,WATCH
2026-08-31,2026-08,EICHERMOT,Consumer Cyclical,Auto Manufacturers,CONSUMER_DISCRETIONARY,Medium-High,Growth/Cyclical,"₹2,20,578 Cr",6070,7953.5,8230,-3.36%,-1.31,-1.16,1.53,Strong Uptrend,🟠 Volatile,45.9,2.03,1.28,210.24,38.22,915.01,8.78,1.02,"₹4,205",23.95,,,2.05,"47 articles, dominant topic: earnings. Eicher Motors Share Price - Live NSE: EICHERMOT Stock Price & Chart - Upstox (mostly earnings-related coverage, no strong signal)",Neutral,"Upstox, simplywall.st, TradingView",✓ Strong REV GROWTH 23.9% | ✓ Volume spike 2.0x on uptrend,✗ High debt (2.0x) | ✗ Expensive P/B (8.8x),8,9,20,37,❌ WAIT,"> ₹4,625",HOLD
2026-08-31,2026-08,CHOLAHLDNG,Financial Services,Credit Services,FINANCIAL_NBFC,Medium-High,Financial/Growth,"₹29,282 Cr",1305,1485.5,2064,-28.03%,-0.89,-4.06,-3.1,Strong Downtrend,🟡 Consolidating,27.2,1.86,1.41,142.16,10.97,823,1.89,0.08,"₹1,234",16.81,,,623.16,"14 articles, dominant topic: earnings. It's A Story Of Risk Vs Reward With Cholamandalam Financial Holdings Limited (NSE:CHOLAHLDNG) - simplywall.st (mostly earnings-related coverage, no strong signal)",Neutral,"simplywall.st, vinanet.vn, scanx.trade",✓ Strong REV GROWTH 16.8% | ✓ Deeply oversold RSI (27.2),✗ Below 200-day MA — long-term trend broken,6,15,15,36,❌ WAIT,"> ₹1,358",HOLD
2026-08-31,2026-08,APTUS,Financial Services,Mortgage Finance,FINANCIAL_NBFC,Medium-High,Financial/Growth,"₹12,741 Cr",193.03,248.85,353.25,-29.55%,-2.85,-2.16,-4.73,Downtrend,🟡 Consolidating,39.8,0.78,1.16,19.92,12.77,101.05,2.52,1.97,₹152,26.96,,,156.2,"53 articles, dominant topic: earnings. Aptus Value Housing Finance India vs Nifty 50: Returns Compared - Univest (bullish signals: outperform, profit rises)",Bullish (2/10),"Univest, simplywall.st, Moneycontrol.com",✓ Strong REV GROWTH 27.0% | ✓ Good dividend yield (2.0%) | ✓ Oversold RSI (39.8) — good entry | ✓ Bullish news signal (2/10) — positive momentum,✗ Below 200-day MA — long-term trend broken,8,18,11,37,❌ WAIT,> ₹167,HOLD
2026-08-31,2026-08,SHRIRAMFIN,Financial Services,Credit Services,FINANCIAL_NBFC,Medium-High,Financial/Growth,"₹2,55,746 Cr",578.6,1109.9,1153.7,-3.80%,2.12,-0.81,6.04,Strong Uptrend,🟡 Consolidating,44.5,1.51,1.97,56.59,19.21,350.34,3.1,1.27,₹526,13.86,18.5,,276.21,"39 articles, dominant topic: earnings. Shriram Finance Share Price - Live NSE: SHRIRAMFIN Stock Price & Chart - Upstox (bullish signals: record high)",Neutral,"Upstox, TradingView, simplywall.st",,,19,13,15,47,❌ WAIT,> ₹578,HOLD
2026-08-31,2026-08,STARHEALTH,Financial Services,Insurance - Life,FINANCIAL_INSURANCE,Low-Medium,Defensive,"₹34,295 Cr",416.55,567.75,624.9,-9.15%,-1,-0.92,-5.53,Uptrend,🟡 Consolidating,34,1.09,0.43,11.45,50.9,172.35,3.38,,₹345,10.07,7.51,2.53,,"30 articles, dominant topic: management. STARHEALTH Forecast — Price Target — Prediction for 2027 - TradingView (mostly management-related coverage, no strong signal)",Neutral,"TradingView, simplywall.st, Univest",✓ Oversold RSI (34.0) — good entry,✗ Poor ROE 7.5%,8,12,20,40,❌ WAIT,> ₹379,HOLD
2026-08-31,2026-08,BAJAJHLDNG,Financial Services,Asset Management,FINANCIAL_NBFC,Medium-High,Financial/Growth,"₹1,25,650 Cr",8588,11644,13880,-16.11%,2.68,4.71,2.65,Strong Uptrend,🟡 Consolidating,52.8,1.21,1.17,796.19,14.18,6572.76,1.72,1.44,"₹9,859",26.96,11.6,,0.01,"19 articles, dominant topic: earnings. Bajaj Holdings and Investment Share Price Target 2026: Rs 12,000 Analyst Forecast - Univest (bullish signals: profit rises)",Neutral,"Univest, vinanet.vn, scanx.trade",✓ Strong REV GROWTH 27.0%,,13,20,13,46,❌ WAIT,"> ₹10,845",HOLD
2026-08-31,2026-08,SBILIFE,Financial Services,Insurance - Life,FINANCIAL_INSURANCE,Low-Medium,Defensive,"₹1,76,088 Cr",1700.4,1740.5,2132,-18.36%,-1.17,-1.21,-7.52,Strong Downtrend,🟡 Consolidating,20.3,0.92,0.83,25.9,67.76,200.67,8.75,0.15,₹401,-4.28,13.7,0.35,,"46 articles, dominant topic: earnings. Do SBI Life Insurance's (NSE:SBILIFE) Earnings Warrant Your Attention? - simplywall.st (mostly earnings-related coverage, no strong signal)",Neutral,"simplywall.st, TradingView, vinanet.vn",✓ Deeply oversold RSI (20.3),✗ Poor REV GROWTH -4.3% | ✗ Expensive P/B (8.8x) | ✗ Below 200-day MA — long-term trend broken,8,2,15,25,❌ WAIT,> ₹441,WATCH
2026-08-31,2026-08,TVSMOTOR,Consumer Cyclical,Auto Manufacturers,CONSUMER_DISCRETIONARY,Medium-High,Growth/Cyclical,,3228,4341.3,4475,-2.99%,0.86,-0.51,0.65,Strong Uptrend,🟡 Consolidating,44.7,1.67,1.22,72.44,61.02,70.31,62.86,0.28,"₹1,449",29.18,,,306.09,"45 articles, dominant topic: earnings. TVSMOTOR Forecast — Price Target — Prediction for 2027 - TradingView (bullish signals: profit rises)",Neutral,"TradingView, simplywall.st, CNBC TV18",✓ Strong REV GROWTH 29.2%,✗ High debt (306.1x) | ✗ Expensive PE (61.0x) | ✗ Expensive P/B (62.9x),8,3,15,26,❌ WAIT,"> ₹1,594",WATCH
2026-08-31,2026-08,NIFTYBEES,,,ETF,Low-Medium,Index / Allocation,,251.7,274.87,302.25,-9.06%,-0.27,-0.36,-0.92,Strong Downtrend,🟡 Consolidating,31,0.98,0.93,,21.37,,,,₹257,,,,,"10 articles, dominant topic: dividends. What is Nifty BeES ETF: Meaning, Features and Advantages - HDFC Sky (mostly dividends-related coverage, no strong signal)",Neutral,"HDFC Sky, TradingView, Sahi",✓ Oversold RSI (31.0) — good entry | ✓ Broad index / asset allocation,✗ Below 200-day MA — long-term trend broken,30,20,10,60,🟢 ACCUMULATE,₹257 – ₹283,ACCUMULATE
2026-08-31,2026-08,5PAISA,Financial Services,Capital Markets,FINANCIAL_CAPITAL_MARKETS,High,Market-sensitive,"₹1,784 Cr",245.5,356.6,416.95,-14.47%,-3.19,-4.86,2.29,Uptrend,🔵 Pullback,40.6,0.89,1.15,13.37,28.47,207.53,1.83,,₹267,-21.01,,,58.31,"49 articles, dominant topic: corporate_actions. 5Paisa Capital Share Price - Upstox (bearish signals: resigns)",Neutral,"Upstox, Univest, Moneycontrol.com",,✗ Poor REV GROWTH -21.0%,0,14,15,29,❌ WAIT,> ₹294,WATCH
2026-08-31,2026-08,TATATECH,Technology,Information Technology Services,QUALITY_GROWTH,Medium,Long-term Growth,"₹32,220 Cr",507.4,831.05,891,-6.73%,-0.4,4.21,11.15,Strong Uptrend,🟡 Consolidating,41.2,0.59,1.11,13.73,57.79,96.64,8.21,1.05,₹343,6.52,,,23.91,"29 articles, dominant topic: earnings. Public companies invested in Tata Technologies Limited (NSE:TATATECH) copped the brunt of last week's ₹12b market cap decline - simplywall.st (bearish signals: profit falls)",Neutral,"simplywall.st, TradingView, Upstox",,✗ Weak REV GROWTH 6.5% | ✗ High debt (23.9x) | ✗ Expensive PE (57.8x),2,5,15,22,❌ WAIT,> ₹378,WATCH
2026-08-31,2026-08,HDFCSML250,,,DEFAULT,,,,142.7,185.36,189.83,-2.35%,-0.61,0.1,2.6,Strong Uptrend,🟢 Tight Base,52.3,1.2,1.06,,26.53,,,,₹140,,,,,"4 articles, dominant topic: dividends. HDFCSML250 ETF Price and Chart — NSE:HDFCSML250 - TradingView (mostly dividends-related coverage, no strong signal)",Neutral,TradingView,,,0,10,13,23,❌ WAIT,> ₹154,WATCH
2026-08-31,2026-08,PIIND,Basic Materials,Agricultural Inputs,QUALITY_GROWTH,Medium,Long-term Growth,"₹38,048 Cr",2453.1,2370,3898,-39.20%,-2.07,-4.24,-13.55,Strong Downtrend,🟡 Consolidating,18.1,1.15,0.97,76.23,32.9,740.28,3.39,0.61,"₹1,906",-15.61,,,3.05,"21 articles, dominant topic: earnings. PI Industries Share Price - Live NSE: PIIND Stock Price & Chart - Upstox (mostly earnings-related coverage, no strong signal)",Neutral,"Upstox, TradingView, simplywall.st",✓ Deeply oversold RSI (18.1),✗ Poor REV GROWTH -15.6% | ✗ High debt (3.0x) | ✗ Below 200-day MA — long-term trend broken,0,19,15,34,❌ WAIT,"> ₹2,096",WATCH
2026-08-31,2026-08,MOM100,,,DEFAULT,,,,56.15,68.83,70.32,-2.12%,-0.42,-0.04,1.41,Strong Uptrend,🟡 Consolidating,51.2,1.76,1.06,,28.85,,,,₹48,,,,,"1 articles, dominant topic: general. Motilal Oswal Midcap 100 ETF - Equitypandit (mostly general-related coverage, no strong signal)",Neutral,Equitypandit,,,0,10,13,23,❌ WAIT,> ₹52,WATCH
2026-08-31,2026-08,KALYANKJIL,Consumer Cyclical,Luxury Goods,CONSUMER_DISCRETIONARY,Medium-High,Growth/Cyclical,"₹63,266 Cr",327.05,601,648.95,-7.39%,-2.4,-1.14,-1.89,Strong Uptrend,🟡 Consolidating,49.5,0.38,1.55,13.86,44.2,61.16,10.02,0.41,₹277,42.77,,,96.97,"34 articles, dominant topic: general. Here's Why Kalyan Jewellers India (NSE:KALYANKJIL) Has Caught The Eye Of Investors - simplywall.st (mostly general-related coverage, no strong signal)",Neutral,"simplywall.st, TradingView, NiftyTrader",✓ Strong REV GROWTH 42.8%,✗ High debt (97.0x) | ✗ Expensive PE (44.2x) | ✗ Expensive P/B (10.0x),8,3,15,26,❌ WAIT,> ₹305,WATCH
2026-08-31,2026-08,ABBOTINDIA,Healthcare,Drug Manufacturers - Specialty & Generic,QUALITY_GROWTH,Medium,Long-term Growth,"₹56,130 Cr",25150,25850,32775,-21.13%,-1.24,-2.16,-7.01,Downtrend,🟡 Consolidating,17,0.74,0.28,760.9,34.72,2246.75,11.76,1.99,"₹19,022",8.12,,,3.6,"24 articles, dominant topic: dividends. Only Three Days Left To Cash In On Abbott India's (NSE:ABBOTINDIA) Dividend - simplywall.st (mostly dividends-related coverage, no strong signal)",Neutral,"simplywall.st, TradingView, ICICI Direct",✓ Good dividend yield (2.0%) | ✓ Deeply oversold RSI (17.0),✗ Weak REV GROWTH 8.1% | ✗ High debt (3.6x) | ✗ Expensive P/B (11.8x),2,16,15,33,❌ WAIT,"> ₹20,925",WATCH
2026-08-31,2026-08,SWIGGY,Consumer Cyclical,Internet Retail,CONSUMER_DISCRETIONARY,Medium-High,Growth/Cyclical,"₹75,299 Cr",235.75,281.9,474,-40.53%,0.5,-0.83,-1.04,Downtrend,🟡 Consolidating,51.9,1.17,1.15,-14.78,,70.28,4.09,,,51.72,,,13.93,"100 articles, dominant topic: earnings. Swiggy stock erases 5% intraday gains amid profit booking; should you buy, sell or hold post-company's... - Moneycontrol.com (bearish signals: downgrade, loss widens)",Bearish (4/10),"Moneycontrol.com, NDTV Profit, simplywall.st",✓ Strong REV GROWTH 51.7%,✗ High debt (13.9x) | ✗ Below 200-day MA — long-term trend broken | ✗ Bearish news signal (4/10) — negative momentum,8,4,1,13,❌ WAIT,,AVOID
2026-08-31,2026-08,NATCOPHARM,Healthcare,Drug Manufacturers - Specialty & Generic,QUALITY_GROWTH,Medium,Long-term Growth,"₹15,799 Cr",789,841.5,1226.8,-31.41%,-1.44,-4.81,-8.08,Strong Downtrend,🟡 Consolidating,32.6,0.84,1.07,63.92,13.55,514.92,1.68,0.74,"₹1,598",-7.93,,,7.74,"25 articles, dominant topic: dividends. NATCO Pharma Limited (NSE:NATCOPHARM) Looks Like A Good Stock, And It's Going Ex-Dividend Soon - simplywall.st (mostly dividends-related coverage, no strong signal)",Neutral,"simplywall.st, TradingView, TechStock²",✓ Attractive PE (13.6x) | ✓ Attractive P/B (1.7x) | ✓ Oversold RSI (32.6) — good entry,✗ Poor REV GROWTH -7.9% | ✗ High debt (7.7x) | ✗ Below 200-day MA — long-term trend broken,0,27,10,37,🔎 INVESTIGATE WHY,"< ₹1,278",HOLD
2026-08-31,2026-08,WELCORP,Basic Materials,Steel,COMMODITY_CYCLICAL,Very High,Cyclical,"₹60,829 Cr",710,2391,2433.9,-1.76%,0.72,-0.76,44.86,Strong Uptrend,🔴 Extended,82.8,0.51,0.97,85.14,27.09,347.08,6.65,0.22,₹681,21.67,,,25.04,"40 articles, dominant topic: earnings. WELCORP Forecast — Price Target — Prediction for 2027 - TradingView (bullish signals: order win, record high)",Bullish (4/10),"TradingView, Upstox, Univest",✓ Strong REV GROWTH 21.7% | ✓ Bullish news signal (4/10) — positive momentum,✗ High debt (25.0x) | ✗ Expensive PE (27.1x) | ✗ Expensive P/B (6.7x),10,3,12,25,❌ WAIT,> ₹749,WATCH
2026-08-31,2026-08,JSWINFRA,Industrials,Marine Shipping,INDUSTRIAL_CAPEX,High,Cyclical,"₹79,862 Cr",233.42,340,355.8,-4.44%,-0.86,-0.06,8.83,Strong Uptrend,🟢 Tight Base,48.3,0.33,1.27,7.15,48.24,52.17,6.61,0.26,₹143,19,,,59,"19 articles, dominant topic: general. JSW Infrastructure's (NSE:JSWINFRA) Profits May Not Reveal Underlying Issues - simplywall.st (mostly general-related coverage, no strong signal)",Neutral,"simplywall.st, TradingView, scanx.trade",✓ Strong REV GROWTH 19.0%,✗ High debt (59.0x) | ✗ Expensive PE (48.2x) | ✗ Expensive P/B (6.6x),8,4,15,27,❌ WAIT,> ₹157,WATCH
2026-08-31,2026-08,UNOMINDA,Consumer Cyclical,Auto Parts,CONSUMER_DISCRETIONARY,Medium-High,Growth/Cyclical,"₹72,760 Cr",994,1276,1382,-7.67%,0,1.97,8.09,Strong Uptrend,🟡 Consolidating,50.3,0.84,1.3,20.77,60.66,108.18,11.65,0.21,₹415,16.91,,,37.74,"25 articles, dominant topic: general. Uno Minda Limited's (NSE:UNOMINDA) P/E Still Appears To Be Reasonable - simplywall.st (mostly general-related coverage, no strong signal)",Neutral,"simplywall.st, TradingView, vinanet.vn",✓ Strong REV GROWTH 16.9%,✗ High debt (37.7x) | ✗ Expensive PE (60.7x) | ✗ Expensive P/B (11.7x),8,3,13,24,❌ WAIT,> ₹457,WATCH
2026-08-31,2026-08,ITBEES,,,ETF,Low-Medium,Index / Allocation,,28.55,34.32,44.27,-22.48%,-1.1,1.18,0.59,Downtrend,🟡 Consolidating,39.3,0.95,0.81,,19.72,,,,₹35,,,,,"9 articles, dominant topic: dividends. ITBEES ETF Profile: Dividends, Returns (NSE:ITBEES) - TradingView (mostly dividends-related coverage, no strong signal)",Neutral,"TradingView, Univest, The Times of India",✓ Oversold RSI (39.3) — good entry | ✓ Broad index / asset allocation,✗ Below 200-day MA — long-term trend broken,30,20,10,60,🟢 ACCUMULATE,₹31 – ₹35,ACCUMULATE
2026-08-31,2026-08,NH,Healthcare,Medical Care Facilities,QUALITY_GROWTH,Medium,Long-term Growth,"₹38,388 Cr",1589,1907.2,2093.3,-8.89%,-1.29,2.55,-6.01,Uptrend,🟡 Consolidating,61.6,0.69,0.8,39.4,47.97,223.4,8.46,0.24,₹985,43.83,,,129.03,"53 articles, dominant topic: order_wins. NH Forecast — Price Target — Prediction for 2027 - TradingView (bullish signals: order win, profit rises)",Bullish (3/10),"TradingView, simplywall.st, Univest",✓ Strong REV GROWTH 43.8% | ✓ Bullish news signal (3/10) — positive momentum,✗ High debt (129.0x) | ✗ Expensive P/B (8.5x),10,6,12,28,❌ WAIT,"> ₹1,084",WATCH
2026-08-31,2026-08,ACC,Basic Materials,Building Materials,INDUSTRIAL_CAPEX,High,Cyclical,"₹24,523 Cr",1251.7,1276.5,1987,-35.76%,-2.29,-1.88,-5.96,Strong Downtrend,🟡 Consolidating,30.5,1.92,1.22,101.34,12.89,1094.35,1.19,0.58,"₹2,027",20.24,,,2.08,"45 articles, dominant topic: earnings. ACC LIMITED Share Price - Live NSE: ACC Stock Price & Chart - Upstox (bullish signals: profit rises, strong growth)",Bullish (2/10),"Upstox, Business Standard, simplywall.st",✓ Strong REV GROWTH 20.2% | ✓ Attractive PE (12.9x) | ✓ Attractive P/B (1.2x) | ✓ Oversold RSI (30.5) — good entry,✗ High debt (2.1x) | ✗ Below 200-day MA — long-term trend broken,11,25,11,47,🔎 INVESTIGATE WHY,"< ₹1,621",HOLD
2026-08-31,2026-08,KIRLPNU,Industrials,Specialty Industrial Machinery,INDUSTRIAL_CAPEX,High,Cyclical,"₹9,466 Cr",495.05,714.6,1098.55,-34.95%,-1.2,-2.06,-3.59,Uptrend,🔵 Pullback,36.6,0.58,0.84,20.21,36.05,96.13,7.58,0.82,₹404,9.13,,,0.27,"10 articles, dominant topic: dividends. Is It Smart To Buy Kirloskar Pneumatic Company Limited (NSE:KIRLPNU) Before It Goes Ex-Dividend? - simplywall.st (mostly dividends-related coverage, no strong signal)",Neutral,"simplywall.st, scanx.trade, vinanet.vn",✓ Oversold RSI (36.6) — good entry,✗ Weak REV GROWTH 9.1% | ✗ Expensive P/B (7.6x),5,8,20,33,❌ WAIT,> ₹445,WATCH
2026-08-31,2026-08,CYIENT,Industrials,Conglomerates,INDUSTRIAL_CAPEX,High,Cyclical,"₹10,191 Cr",750.3,1174.8,1284.7,-8.55%,6.08,29.23,38.59,Uptrend,🟠 Volatile,89,1.54,1.16,34.63,28.27,514.32,1.9,3.52,₹693,-1.25,,,7.53,"57 articles, dominant topic: corporate_actions. Cyient Share Price - Upstox (mostly corporate_actions-related coverage, no strong signal)",Neutral,"Upstox, simplywall.st, Business Standard",✓ Attractive P/B (1.9x) | ✓ Good dividend yield (3.5%),✗ Poor REV GROWTH -1.2% | ✗ High debt (7.5x) | ✗ Overbought RSI (89.0) — wait,0,24,10,34,❌ WAIT,> ₹762,WATCH
2026-08-31,2026-08,TIINDIA,Industrials,Conglomerates,INDUSTRIAL_CAPEX,High,Cyclical,"₹55,904 Cr",2164.9,2780,3419.9,-18.71%,-2.11,-3.47,1.04,Uptrend,🔵 Pullback,50,0.37,1.1,31.46,91.8,400.48,7.21,0.16,₹629,17.48,,,27.72,"24 articles, dominant topic: dividends. TIINDIA Forecast — Price Target — Prediction for 2027 - TradingView (mostly dividends-related coverage, no strong signal)",Neutral,"TradingView, simplywall.st, vinanet.vn",✓ Strong REV GROWTH 17.5%,✗ High debt (27.7x) | ✗ Expensive PE (91.8x) | ✗ Expensive P/B (7.2x),8,4,13,25,❌ WAIT,> ₹692,WATCH
2026-08-31,2026-08,JSWENERGY,Utilities,Utilities - Independent Power Producers,INDUSTRIAL_CAPEX,High,Cyclical,"₹99,589 Cr",427.75,520.4,617.35,-15.70%,-2.78,-4.46,-6.18,Uptrend,🟠 Volatile,13.7,3.39,0.91,12.72,42.73,175.1,3.1,0.37,₹254,62.77,,,229.16,"33 articles, dominant topic: corporate_actions. JSW Energy Share Price - Live NSE: JSWENERGY Stock Price & Chart - Upstox (bullish signals: expansion plan)",Neutral,"Upstox, simplywall.st, TradingView",✓ Strong REV GROWTH 62.8% | ✓ Deeply oversold RSI (13.7) | ✓ Volume spike 3.4x on uptrend,✗ High debt (229.2x) | ✗ Expensive PE (42.7x) | ✗ Expensive P/B (3.1x),10,4,30,44,❌ WAIT,> ₹280,HOLD
2026-08-31,2026-08,TECHNOE,Industrials,Engineering & Construction,INDUSTRIAL_CAPEX,High,Cyclical,"₹11,679 Cr",870,982.05,1575,-37.65%,-4.24,-1.6,0.18,Strong Downtrend,🟠 Volatile,35.7,0.86,1.49,36.89,27.22,357.56,2.81,0.9,₹738,43.33,,,1.74,"19 articles, dominant topic: general. We Ran A Stock Scan For Earnings Growth And Techno Electric & Engineering (NSE:TECHNOE) Passed With Ease - simplywall.st (mostly general-related coverage, no strong signal)",Neutral,"simplywall.st, TradingView, HDFC Sky",✓ Strong REV GROWTH 43.3% | ✓ Oversold RSI (35.7) — good entry,✗ Below 200-day MA — long-term trend broken,12,16,10,38,❌ WAIT,> ₹812,HOLD
2026-08-31,2026-08,IT,,,DEFAULT,,,,28.54,34.32,44.49,-22.86%,-0.9,1.45,0.5,Downtrend,🟡 Consolidating,38.9,0.55,0.78,,19.04,,,,₹36,,,,,"100 articles, dominant topic: dividends. Metro Brands Limited (NSE:METROBRAND) Looks Like A Good Stock, And It's Going Ex-Dividend Soon - simplywall.st (bearish signals: cuts guidance)",Neutral,"simplywall.st, ETV Bharat, Business Standard",✓ Attractive PE (19.0x) | ✓ Oversold RSI (38.9) — good entry,✗ Below 200-day MA — long-term trend broken,0,15,10,25,❌ WAIT,₹32 – ₹36,WATCH
2026-08-31,2026-08,MAHKTECH,,,DEFAULT,,,,21,22.72,35.59,-36.16%,-0.13,-0.48,-4.09,Strong Downtrend,🟡 Consolidating,19.9,1.11,0.55,,17.43,,,,₹26,,,,,"6 articles, dominant topic: dividends. Mirae Asset Hang Seng TECH ETF Share Price Today – MAHKTECH (Live NSE/BSE) - INDmoney (mostly dividends-related coverage, no strong signal)",Neutral,"INDmoney, TradingView, Upstox",✓ Attractive PE (17.4x) | ✓ Deeply oversold RSI (19.9),✗ Below 200-day MA — long-term trend broken,0,15,15,30,❌ WAIT,₹21 – ₹23,WATCH
2026-08-31,2026-08,POLICYBZR,Financial Services,Insurance Brokers,FINANCIAL_INSURANCE,Low-Medium,Defensive,"₹83,089 Cr",1364,1875,1974,-5.02%,3.51,5.04,17.08,Strong Uptrend,🟡 Consolidating,77.7,0.86,0.73,16.16,111.28,158.22,11.37,,₹316,36.5,,,4.92,"25 articles, dominant topic: promoter_activity. PB Fintech Limited Just Recorded A 15% EPS Beat: Here's What Analysts Are Forecasting Next - simplywall.st (bullish signals: upgrade)",Neutral,"simplywall.st, TradingView, vinanet.vn",✓ Strong REV GROWTH 36.5% | ✓ Golden Cross — momentum turning positive,✗ Expensive P/B (11.4x) | ✗ Overbought RSI (77.7) — wait,20,2,15,37,❌ WAIT,> ₹348,HOLD
2026-08-31,2026-08,LUPIN,Healthcare,Drug Manufacturers - Specialty & Generic,QUALITY_GROWTH,Medium,Long-term Growth,"₹99,913 Cr",1875,2188.4,2529.5,-13.48%,0.78,0.02,-9.38,Downtrend,🟡 Consolidating,29.7,0.96,0.55,120.74,18.1,491.02,4.45,0.82,"₹3,018",23.86,,,29.39,"58 articles, dominant topic: approvals. Why You Might Be Interested In Lupin Limited (NSE:LUPIN) For Its Upcoming Dividend - simplywall.st (mostly approvals-related coverage, no strong signal)",Neutral,"simplywall.st, CNBC TV18, Business Standard",✓ Strong REV GROWTH 23.9% | ✓ Attractive PE (18.1x) | ✓ Deeply oversold RSI (29.7),✗ High debt (29.4x) | ✗ Below 200-day MA — long-term trend broken,10,24,15,49,❌ WAIT,"< ₹2,415",HOLD
2026-08-31,2026-08,KPIL,Industrials,Engineering & Construction,INDUSTRIAL_CAPEX,High,Cyclical,"₹23,760 Cr",1007.1,1400.9,1479.6,-5.32%,1.05,0.86,8.63,Strong Uptrend,🟡 Consolidating,60.7,0.63,0.88,66.59,20.89,455.38,3.06,0.79,"₹1,332",21.74,,,45.81,"43 articles, dominant topic: order_wins. Why You Might Be Interested In Kalpataru Projects International Limited (NSE:KPIL) For Its Upcoming Dividend - simplywall.st (bullish signals: bags order, order win; bearish signals: stake sale)",Bullish (3/10),"simplywall.st, Moneycontrol.com, Univest",✓ Strong REV GROWTH 21.7% | ✓ Bullish news signal (3/10) — positive momentum,✗ High debt (45.8x) | ✗ Expensive P/B (3.1x),10,13,12,35,❌ WAIT,"₹1,332 – ₹1,465",HOLD
2026-08-31,2026-08,JSL,Basic Materials,Steel,COMMODITY_CYCLICAL,Very High,Cyclical,"₹58,744 Cr",652.25,702.15,884,-20.57%,-0.43,-0.04,-4.04,Strong Downtrend,🟠 Volatile,38.7,2.5,1.1,39.35,18.12,54.63,13.05,0.56,₹315,9.31,,,37.52,"46 articles, dominant topic: earnings. Jindal Stainless Limited (NSE:JSL) Yearly Results: Here's What Analysts Are Forecasting For This Year - simplywall.st (mostly earnings-related coverage, no strong signal)",Neutral,"simplywall.st, TradingView, The Economic Times",✓ Oversold RSI (38.7) — good entry,✗ High debt (37.5x) | ✗ Expensive PE (18.1x) | ✗ Expensive P/B (13.1x),3,3,10,16,❌ WAIT,> ₹346,AVOID
2026-08-31,2026-08,TATACAP,Financial Services,Credit Services,FINANCIAL_NBFC,Medium-High,Financial/Growth,"₹1,56,292 Cr",296,367.9,390.2,-5.72%,-2.08,0.95,0.68,Strong Uptrend,🟢 Tight Base,50.9,0.34,0.93,12.8,28.96,108.76,3.41,0.15,₹163,10.44,,,502.93,"10 articles, dominant topic: general. TATACAP Forecast — Price Target — Prediction for 2027 - TradingView (mostly general-related coverage, no strong signal)",Neutral,"TradingView, scanx.trade, INDmoney",,,4,8,13,25,❌ WAIT,> ₹179,WATCH
2026-08-31,2026-08,GOLDBEES,,,ETF,Low-Medium,Index / Allocation,,83.1,127.32,148.14,-14.05%,-2.7,-4.29,8.72,Uptrend,🟡 Consolidating,54.8,1.65,0.7,,,,,,,,,,,"10 articles, dominant topic: general. Nippon India ETF Gold BeES Share Price NSE/BSE - Live Price Charts & Performance - HDFC Sky (mostly general-related coverage, no strong signal)",Neutral,"HDFC Sky, Sahi, Univest",✓ Broad index / asset allocation,,30,20,13,63,🟢 ACCUMULATE,,ACCUMULATE
2026-08-31,2026-08,DIXON,Technology,Consumer Electronics,QUALITY_GROWTH,Medium,Long-term Growth,"₹91,142 Cr",9600,14850,18471,-19.60%,1.37,1.92,5.7,Strong Uptrend,🟡 Consolidating,65.2,0.53,1.53,340.94,43.97,897.73,16.7,0.05,"₹8,524",25.77,,,18.46,"100 articles, dominant topic: earnings. Whirlpool, Kalyan Jewellers, Dixon Tech, others surge up to 8%; how did consumer durable stocks move today? - Upstox (bullish signals: strong growth, upgrade; bearish signals: downgrade)",Bullish (4/10),"Upstox, simplywall.st, Business Standard",✓ Strong REV GROWTH 25.8% | ✓ Bullish news signal (4/10) — positive momentum,✗ High debt (18.5x) | ✗ Expensive P/B (16.7x),10,6,12,28,❌ WAIT,"> ₹9,376",WATCH
2026-08-31,2026-08,BANKBEES,,,ETF,Low-Medium,Index / Allocation,,515.98,595.58,638.99,-6.79%,-0.08,0.15,0.56,Uptrend,🔵 Pullback,51.2,0.6,1.1,,14.27,,,,₹835,,,,,"2 articles, dominant topic: general. BANKBEES ETF Price and Chart — NSE:BANKBEES - TradingView (mostly general-related coverage, no strong signal)",Neutral,"TradingView, HDFC Sky",✓ Broad index / asset allocation,,30,20,13,63,🟢 ACCUMULATE,< ₹668,ACCUMULATE
2026-08-31,2026-08,BLACKBUCK,Technology,Software - Application,QUALITY_GROWTH,Medium,Long-term Growth,"₹11,027 Cr",496,593.8,748,-20.61%,0.96,-1.75,9.46,Uptrend,🟡 Consolidating,57.7,0.6,1.12,9.26,65.37,77.87,7.77,,₹232,52.11,,,4.16,"45 articles, dominant topic: promoter_activity. BlackBuck Limited Just Beat Revenue By 20%: Here's What Analysts Think Will Happen Next - simplywall.st (bullish signals: upgrade; bearish signals: stake sale)",Neutral,"simplywall.st, TradingView, Upstox",✓ Strong REV GROWTH 52.1%,✗ High debt (4.2x) | ✗ Expensive PE (65.4x),10,6,13,29,❌ WAIT,> ₹255,WATCH
2026-08-31,2026-08,RECLTD,Financial Services,Credit Services,INDUSTRIAL_CAPEX,High,Cyclical,,304.05,323.3,390.5,-17.21%,2.05,-1.4,-12.92,Downtrend,🟡 Consolidating,29.7,1.23,1.22,60.76,5.37,319.8,1.02,1.89,"₹1,215",-0.3,,,607.46,"22 articles, dominant topic: corporate_actions. REC Limited's (NSE:RECLTD) Low P/E No Reason For Excitement - simplywall.st (mostly corporate_actions-related coverage, no strong signal)",Neutral,"simplywall.st, CNBC TV18, vinanet.vn",✓ Attractive PE (5.4x) | ✓ Attractive P/B (1.0x) | ✓ Deeply oversold RSI (29.7),✗ Poor REV GROWTH -0.3% | ✗ High debt (607.5x) | ✗ Below 200-day MA — long-term trend broken,0,28,15,43,🔎 INVESTIGATE WHY,< ₹972,HOLD
2026-08-31,2026-08,HINDPETRO,Energy,Oil & Gas Refining & Marketing,COMMODITY_CYCLICAL,Very High,Cyclical,"₹79,410 Cr",316.2,365.75,508.45,-28.07%,0.48,-1.67,-1.32,Strong Downtrend,🟡 Consolidating,42.6,1.38,1.58,7.85,47.54,308.04,1.21,6.52,₹63,0.99,,,85.37,"48 articles, dominant topic: dividends. Hindustan Petroleum (NSE:HINDPETRO) stock performs better than its underlying earnings growth over last five years - simplywall.st (mostly dividends-related coverage, no strong signal)",Neutral,"simplywall.st, TradingView, Moneycontrol.com",✓ Good dividend yield (6.5%),✗ High debt (85.4x) | ✗ Expensive PE (47.5x) | ✗ Below 200-day MA — long-term trend broken,3,16,5,24,❌ WAIT,> ₹69,WATCH
2026-08-31,2026-08,PRICOLLTD,Consumer Cyclical,Auto Parts,CONSUMER_DISCRETIONARY,Medium-High,Growth/Cyclical,"₹9,515 Cr",446.25,803.25,823,-2.40%,4.23,1.56,15.3,Strong Uptrend,🟠 Volatile,68,1.55,1.13,21.98,35.52,102.96,7.58,0.51,₹440,51.24,,,30.21,"19 articles, dominant topic: dividends. Pricol Share Price - Live NSE: PRICOLLTD Stock Price & Chart - Upstox (mostly dividends-related coverage, no strong signal)",Neutral,"Upstox, simplywall.st, TradingView",✓ Strong REV GROWTH 51.2%,✗ High debt (30.2x) | ✗ Expensive P/B (7.6x),8,9,10,27,❌ WAIT,> ₹484,WATCH
2026-08-31,2026-08,WAAREEENER,Technology,Solar,QUALITY_GROWTH,Medium,Long-term Growth,"₹75,796 Cr",2403,2605,3865,-32.60%,-1.33,-2.61,-2.81,Strong Downtrend,🟠 Volatile,28.4,2.05,0.91,132.48,19.89,502.2,5.25,0.15,"₹3,312",83.72,,,21.4,"32 articles, dominant topic: earnings. Waaree Energies Limited Just Missed Earnings - But Analysts Have Updated Their Models - simplywall.st (bullish signals: expansion plan, profit rises)",Bullish (2/10),"simplywall.st, TradingView, Upstox",✓ Strong REV GROWTH 83.7% | ✓ Attractive PE (19.9x) | ✓ Deeply oversold RSI (28.4) | ✓ Bullish news signal (2/10) — positive momentum,✗ High debt (21.4x) | ✗ Below 200-day MA — long-term trend broken,10,19,16,45,❌ WAIT,"< ₹2,650",HOLD
2026-08-31,2026-08,STAR,Healthcare,Drug Manufacturers - Specialty & Generic,QUALITY_GROWTH,Medium,Long-term Growth,"₹9,060 Cr",768.65,1025,1231,-16.73%,0.5,3.16,0,Uptrend,🟡 Consolidating,55.5,0.89,0.63,66.1,14.87,337.15,2.92,0.51,"₹1,652",5.38,,,55.82,"80 articles, dominant topic: earnings. STAR Forecast — Price Target — Prediction for 2027 - TradingView (bearish signals: show cause notice)",Neutral,"TradingView, simplywall.st, Moneycontrol.com",✓ Attractive PE (14.9x) | ✓ Attractive P/B (2.9x),✗ Weak REV GROWTH 5.4% | ✗ High debt (55.8x),2,27,13,42,🔎 INVESTIGATE WHY,"< ₹1,322",HOLD
2026-08-31,2026-08,GLENMARK,Healthcare,Drug Manufacturers - Specialty & Generic,QUALITY_GROWTH,Medium,Long-term Growth,"₹68,815 Cr",1792.6,2480,2474,0.24%,-1.29,3.84,11.13,Strong Uptrend,🟡 Consolidating,72,1.79,0.88,63.6,38.34,372.48,6.55,0.31,"₹1,590",27.12,,,5.65,"60 articles, dominant topic: acquisitions. Glenmark Pharmaceuticals Limited (NSE:GLENMARK) Looks Like A Good Stock, And It's Going Ex-Dividend Soon - simplywall.st (bullish signals: record high, upgrade; bearish signals: stake sale)",Bullish (3/10),"simplywall.st, Upstox, Moneycontrol.com",✓ Strong REV GROWTH 27.1% | ✓ Bullish news signal (3/10) — positive momentum,✗ High debt (5.7x) | ✗ High RSI (72.0),10,9,12,31,❌ WAIT,"> ₹1,749",WATCH
2026-08-31,2026-08,CGPOWER,Industrials,Electrical Equipment & Parts,INDUSTRIAL_CAPEX,High,Cyclical,"₹1,36,284 Cr",525.5,916,980.9,-6.62%,3.04,4.39,6.09,Strong Uptrend,🟡 Consolidating,60.1,1.42,1,7.91,109.36,50.61,17.09,0.15,₹158,25.11,,,1.45,"39 articles, dominant topic: management. CG Power and Industrial Solutions' (NSE:CGPOWER) Solid Earnings May Rest On Weak Foundations - simplywall.st (bullish signals: upgrade; bearish signals: downgrade)",Neutral,"simplywall.st, TradingView, Investing.com India",✓ Strong REV GROWTH 25.1%,✗ Expensive PE (109.4x) | ✗ Expensive P/B (17.1x),12,4,10,26,❌ WAIT,> ₹174,WATCH
2026-08-31,2026-08,SHADOWFAX,Industrials,Integrated Freight & Logistics,INDUSTRIAL_CAPEX,High,Cyclical,"₹14,438 Cr",98.55,258.48,268.65,-3.79%,5.35,-0.71,6.41,Uptrend,🟠 Volatile,56.1,0.74,1.09,2.88,85.47,29.69,8.29,,₹58,69.1,,,14.16,"48 articles, dominant topic: earnings. SHADOWFAX Stock Price and Chart — NSE:SHADOWFAX - TradingView (bullish signals: profit rises; bearish signals: stake sale)",Neutral,"TradingView, Indian Transport & Logistics, Upstox",✓ Strong REV GROWTH 69.1%,✗ High debt (14.2x) | ✗ Expensive PE (85.5x) | ✗ Expensive P/B (8.3x),10,4,3,17,❌ WAIT,> ₹63,AVOID
2026-08-31,2026-08,ZFCVINDIA,Consumer Cyclical,Auto Parts,CONSUMER_DISCRETIONARY,Medium-High,Growth/Cyclical,"₹29,457 Cr",2050.3333,2534.6,3044,-16.73%,-1.3,-4.36,4.83,Strong Uptrend,🟡 Consolidating,37.2,0.63,0.69,898.82,2.88,324.29,7.98,0.15,"₹17,976",7.83,,,,"21 articles, dominant topic: general. ZF Commercial Vehicle Control System India Ltd (ZFCVINDIA) Share Price - Business Today (mostly general-related coverage, no strong signal)",Neutral,"Business Today, TradingView, simplywall.st",✓ Attractive PE (2.9x) | ✓ Oversold RSI (37.2) — good entry,✗ Expensive P/B (8.0x),3,19,20,42,🔎 INVESTIGATE WHY,"< ₹14,381",HOLD
2026-08-31,2026-08,BSE,Financial Services,Financial Data & Stock Exchanges,FINANCIAL_CAPITAL_MARKETS,High,Market-sensitive,"₹1,35,062 Cr",2021.5,3282,4446.8,-26.19%,-3.61,-0.93,-9.99,Uptrend,🟡 Consolidating,28.7,1.3,1.36,68.7,48.41,194.17,17.13,0.3,"₹1,374",63.84,,,,"100 articles, dominant topic: general. Stock Market Holiday Alert: BSE And NSE To Be Closed For 9 Days In September - NDTV Profit (mostly general-related coverage, no strong signal)",Neutral,"NDTV Profit, NDTV, The Economic Times",✓ Strong REV GROWTH 63.8% | ✓ Deeply oversold RSI (28.7),✗ Expensive PE (48.4x),8,3,25,36,❌ WAIT,"> ₹1,511",HOLD
